City,Latitude,Longitutde,Country,Max Temp,Humidity,Cloudiness,Wind Speed,Date
Bredasdorp,-34.5322,20.0403,ZA,19.78,89,9,2.86,1647731700
Rikitea,-23.1203,-134.9692,PF,26.87,73,17,3.43,1647731654
Ushuaia,-54.8,-68.3,AR,9.81,50,40,5.66,1647731657
Najrān,17.4924,44.1277,SA,16.92,25,0,0.53,1647731703
Igarka,67.4667,86.5833,RU,-7.39,96,100,4.87,1647731704
Buraidah,26.326,43.975,SA,19.89,12,0,6.78,1647731667
Airai,-8.9266,125.4092,TL,17.32,83,94,0.92,1647731706
Mazatlán,23.2167,-106.4167,MX,26.98,60,20,6.17,1647731706
Sur,22.5667,59.5289,OM,23.67,50,0,2.7,1647731707
Saint-Philippe,-21.3585,55.7679,RE,24.51,89,93,2.41,1647731679
Bluff,-46.6,168.3333,NZ,16.56,76,45,3.74,1647731647
Pringsewu,-5.3582,104.9744,ID,22.8,96,100,0.41,1647731710
New Norfolk,-42.7826,147.0587,AU,14.84,52,100,0.53,1647731636
Mataura,-46.1927,168.8643,NZ,16.38,60,42,0.59,1647731712
Hong Kong,22.2855,114.1577,HK,22.2,91,91,7.15,1647731521
Marrakesh,31.6315,-8.0083,MA,17.04,72,99,3.6,1647731713
Mahanje,-9.9333,35.3333,TZ,18.31,98,100,0.8,1647731715
Praia da Vitória,38.7333,-27.0667,PT,11.53,93,20,2.94,1647731715
Pochutla,15.7432,-96.4661,MX,31.01,44,5,3.06,1647731716
Atuona,-9.8,-139.0333,PF,25.65,78,8,5.12,1647731717
Namatanai,-3.6667,152.4333,PG,29.34,63,63,4.9,1647731718
Itoman,26.1247,127.6694,JP,20.01,74,75,3.6,1647731483
Port Hedland,-20.3167,118.5667,AU,26.03,83,9,3.09,1647731720
Hermanus,-34.4187,19.2345,ZA,22.11,86,14,4.68,1647731721
Navalmoral de la Mata,39.8916,-5.5406,ES,13.87,67,100,5.54,1647731723
Albany,42.6001,-73.9662,US,15.4,82,100,0.45,1647731724
Busselton,-33.65,115.3333,AU,17.46,71,100,1.97,1647731670
Butaritari,3.0707,172.7902,KI,26.92,82,28,8.47,1647731649
Mahébourg,-20.4081,57.7,MU,25.7,94,40,0.0,1647731726
Kieta,-6.2167,155.6333,PG,28.63,74,70,2.67,1647731727
Kongolo,-5.3833,27.0,CD,20.83,96,99,1.51,1647731729
Auki,-8.7676,160.7034,SB,29.68,62,99,1.51,1647731731
Acaraú,-2.8856,-40.12,BR,26.19,81,100,3.69,1647731654
Bambous Virieux,-20.3428,57.7575,MU,25.68,94,40,0.0,1647731733
Fortuna,40.5982,-124.1573,US,12.19,80,100,9.77,1647731733
Cherskiy,68.75,161.3,RU,-13.49,80,60,6.17,1647731734
Ribeira Grande,38.5167,-28.7,PT,14.06,65,89,6.2,1647731735
Pāsighāt,28.0667,95.3333,IN,22.18,40,7,1.57,1647731661
Yar-Sale,66.8333,70.8333,RU,-3.88,82,56,7.95,1647731736
Humenné,48.9371,21.9163,SK,0.59,49,0,1.79,1647731737
Chokurdakh,70.6333,147.9167,RU,-23.15,95,99,2.71,1647731739
Bjerkvik,68.5597,17.5189,NO,6.66,99,100,8.71,1647731740
Harper,4.375,-7.7169,LR,26.2,88,62,3.08,1647731742
Lorengau,-2.0226,147.2712,PG,29.74,63,66,4.41,1647731742
Puerto Ayora,-0.7393,-90.3518,EC,26.77,77,66,2.49,1647731743
Hobart,-42.8794,147.3294,AU,15.03,84,0,3.09,1647731478
Bethel,41.3712,-73.414,US,17.47,78,75,2.57,1647731745
Yellowknife,62.456,-114.3525,CA,-4.77,89,100,2.57,1647731746
Virginia Beach,36.8529,-75.978,US,26.02,73,64,9.07,1647731551
Palmer,42.1584,-72.3287,US,15.14,83,75,1.54,1647731747
Cape Town,-33.9258,18.4232,ZA,22.29,80,0,6.17,1647731748
Wągrowiec,52.8084,17.1996,PL,4.34,56,0,3.84,1647731749
Qaanaaq,77.484,-69.3632,GL,-22.09,94,100,2.74,1647731750
Aleksandrov Gay,50.147,48.5704,RU,-15.83,100,95,1.85,1647731751
Myrtle Beach,33.6891,-78.8867,US,25.55,79,0,6.69,1647731752
Hualmay,-11.0964,-77.6139,PE,22.31,77,93,4.42,1647731753
Stupino,54.9008,38.0708,RU,-5.05,96,27,2.05,1647731754
Avarua,-21.2078,-159.775,CK,29.03,65,71,3.09,1647731754
Vaini,-21.2,-175.2,TO,29.09,84,100,5.66,1647731756
Thompson,55.7435,-97.8558,CA,-2.91,59,75,1.54,1647731757
Bagdarin,54.4333,113.6,RU,-23.15,96,42,1.65,1647731757
Talaya,61.3833,152.75,RU,-14.01,84,100,0.6,1647731758
Grindavik,63.8424,-22.4338,IS,1.26,100,75,3.09,1647731759
Nagato,34.3833,131.2,JP,6.78,71,78,3.58,1647731760
Port Augusta,-32.5,137.7667,AU,25.43,60,64,2.61,1647731761
Falmouth,50.1544,-5.0711,GB,10.5,87,100,6.17,1647731762
Kaffrine,14.1059,-15.5508,SN,23.71,34,78,5.69,1647731763
Faanui,-16.4833,-151.75,PF,28.06,74,24,8.6,1647731765
Pyaozerskiy,65.8333,31.1667,RU,4.73,85,97,6.75,1647731766
Moerai,-22.4333,-151.3333,PF,26.86,70,27,2.26,1647731767
Weyburn,49.6668,-103.8511,CA,6.12,75,69,4.63,1647731768
Kalmunai,7.4167,81.8167,LK,24.49,84,71,1.73,1647731769
Punta Arenas,-53.15,-70.9167,CL,11.06,62,40,7.2,1647731769
Huarmey,-10.0681,-78.1522,PE,22.58,78,90,4.75,1647731770
Pangnirtung,66.1451,-65.7125,CA,-30.12,87,26,2.39,1647731771
Clyde River,70.4692,-68.5914,CA,-31.0,88,61,1.45,1647731651
San Quintín,30.4833,-115.95,MX,18.09,64,7,6.86,1647731772
Wad Medani,14.4012,33.5199,SD,28.25,20,66,4.16,1647731773
Nelson Bay,-32.7167,152.15,AU,21.17,72,96,0.89,1647731529
Edd,13.9297,41.6925,ER,27.85,54,88,3.28,1647731775
San Cristobal,7.7669,-72.225,VE,20.1,68,92,0.38,1647731776
San Patricio,28.017,-97.5169,US,24.4,34,0,5.91,1647731777
Lastoursville,-0.8143,12.7287,GA,22.87,96,64,0.98,1647731778
Petropavlovka,50.6114,105.3196,RU,-20.17,94,85,1.58,1647731778
Sitka,57.0531,-135.33,US,3.94,81,75,3.6,1647731779
Alofi,-19.0595,-169.9187,NU,28.94,74,100,3.6,1647731780
Bandarbeyla,9.4942,50.8122,SO,24.83,73,7,4.44,1647731782
Lamar,33.6668,-95.5836,US,21.95,18,0,4.12,1647731783
Pevek,69.7008,170.3133,RU,-20.25,78,20,6.12,1647731784
Balingasay,16.3573,119.8564,PH,27.1,80,62,4.01,1647731786
São Filipe,14.8961,-24.4956,CV,21.2,69,11,6.17,1647731786
Hasaki,35.7333,140.8333,JP,7.38,59,95,0.39,1647731624
Tuktoyaktuk,69.4541,-133.0374,CA,-25.0,77,40,4.63,1647731789
The Valley,18.217,-63.0578,AI,25.92,78,40,6.17,1647731790
Mar del Plata,-38.0023,-57.5575,AR,15.05,72,0,8.05,1647731791
Nanga Eboko,4.6833,12.3667,CM,25.62,62,64,2.24,1647731792
Port Alfred,-33.5906,26.891,ZA,22.25,90,71,3.68,1647731793
Morros,-9.4467,-46.3003,BR,24.26,78,89,1.82,1647731794
Dikson,73.5069,80.5464,RU,-12.8,96,100,1.09,1647731795
Sayyan,15.1718,44.3244,YE,13.25,49,8,0.9,1647731796
Saint Paul Harbor,57.79,-152.4072,US,1.73,80,100,5.14,1647731797
Nanortalik,60.1432,-45.2371,GL,-9.4,88,51,3.72,1647731798
Trairi,-3.2778,-39.2689,BR,26.1,80,76,3.22,1647731798
Wichita Falls,33.9137,-98.4934,US,25.7,13,0,2.57,1647731799
Lüderitz,-26.6481,15.1594,NA,22.49,66,0,5.51,1647731800
West Bay,19.3667,-81.4167,KY,29.04,70,20,3.09,1647731801
Novobirilyussy,56.9514,90.6661,RU,-7.82,90,100,5.25,1647731802
Mayo,38.8876,-76.5119,US,24.23,60,0,7.2,1647731802
Tuatapere,-46.1333,167.6833,NZ,15.17,72,80,1.53,1647731803
Geraldton,-28.7667,114.6,AU,21.23,78,19,3.09,1647731594
Chaman,30.9236,66.4512,PK,13.94,27,0,1.17,1647731805
Lobito,-12.3481,13.5456,AO,25.7,75,85,1.24,1647731805
Stege,54.987,12.2846,DK,3.92,86,1,8.54,1647731806
Hithadhoo,-0.6,73.0833,MV,28.42,73,62,7.64,1647731807
Khatanga,71.9667,102.5,RU,-14.93,98,96,2.96,1647731808
Festus,38.2206,-90.396,US,14.72,37,2,4.33,1647731809
Vodnyy,63.5046,53.4095,RU,-1.59,93,88,6.84,1647731619
Tairua,-37.0167,175.85,NZ,18.82,74,100,8.04,1647731811
Eaton Socon,52.2175,-0.2893,GB,6.9,84,0,4.72,1647731812
Benguela,-12.5763,13.4055,AO,25.35,76,87,1.39,1647731813
Glenwood Springs,39.5505,-107.3248,US,12.45,31,0,2.57,1647731814
Tiksi,71.6872,128.8694,RU,-12.79,79,100,10.57,1647731815
Hilton Head,32.2163,-80.7526,US,26.03,79,40,3.09,1647731816
Nyandoma,61.669,40.1991,RU,-1.66,88,78,5.12,1647731817
Kayerkan,69.3497,87.7602,RU,-14.92,93,100,3.59,1647731819
Deputatsky,69.3,139.9,RU,-22.64,90,68,1.25,1647731820
São José do Egito,-7.4789,-37.2744,BR,24.16,59,93,3.18,1647731821
Charter Township of Clinton,42.587,-82.9199,US,7.19,92,100,5.14,1647731701
Youkounkoun,12.5333,-13.1333,GN,30.49,17,87,1.13,1647731823
Yangi Marg`ilon,40.4272,71.7189,UZ,3.4,81,75,0.0,1647731824
Río Gallegos,-51.6226,-69.2181,AR,10.03,66,0,9.26,1647731825
Zhicheng,30.2956,111.5047,CN,6.35,72,100,1.33,1647731826
Takoradze,4.8845,-1.7554,GH,26.69,87,74,3.46,1647731827
Wellington,-41.2866,174.7756,NZ,21.7,63,100,3.09,1647731549
Srednekolymsk,67.45,153.6833,RU,-19.84,97,92,3.36,1647731828
Margate,51.3813,1.3862,GB,8.5,63,0,2.68,1647731829
Nioro,13.35,-15.75,GM,26.21,31,36,5.49,1647731830
Ostrovnoy,68.0531,39.5131,RU,-0.33,79,89,11.89,1647731646
Ponta do Sol,32.6667,-17.1,PT,15.59,73,27,6.11,1647731832
Myitkyina,25.3833,97.4,MM,18.79,47,16,0.86,1647731832
Pingliang,35.5392,106.6861,CN,6.67,68,100,1.34,1647731652
Aklavik,68.2191,-135.0107,CA,-20.0,59,75,5.14,1647731834
Constitución,-35.3333,-72.4167,CL,15.41,59,100,5.12,1647731835
Torbay,47.6666,-52.7314,CA,-1.9,73,0,4.47,1647731836
Tallahassee,30.4383,-84.2807,US,21.59,87,100,6.69,1647731569
Matagami,49.7502,-77.6328,CA,3.06,65,100,5.14,1647731838
Arraial do Cabo,-22.9661,-42.0278,BR,25.82,84,26,9.66,1647731839
Savannah Bight,16.45,-85.85,HN,27.08,82,63,11.41,1647731840
Narsaq,60.9167,-46.05,GL,-7.88,89,22,2.15,1647731841
Kahului,20.8947,-156.47,US,29.01,61,20,9.26,1647731842
Porto Velho,-8.7619,-63.9039,BR,24.03,94,0,0.0,1647731842
Rio Grande,-32.035,-52.0986,BR,16.08,65,75,7.0,1647731844
Kortkeros,61.8106,51.5806,RU,0.1,87,84,5.39,1647731845
Marawi,7.9986,124.2928,PH,21.3,84,100,0.79,1647731846
Belle Fourche,44.6714,-103.8522,US,17.96,13,33,3.47,1647731847
Puerto Colombia,10.9878,-74.9547,CO,27.05,83,99,11.72,1647731849
Padang,-0.9492,100.3543,ID,22.03,85,98,2.91,1647731850
Muroto-misakicho,33.2833,134.15,JP,10.36,63,69,0.84,1647731622
İskilip,40.7353,34.4739,TR,-3.33,70,91,0.88,1647731851
Vechelde,52.2604,10.3649,DE,5.37,59,3,4.02,1647731852
Old Saybrook,41.2918,-72.3762,US,15.04,94,100,0.89,1647731853
Wajid,3.8093,43.2471,SO,25.1,67,79,6.62,1647731854
Stawell,-37.05,142.7667,AU,20.93,48,100,2.98,1647731855
Hilo,19.7297,-155.09,US,27.85,74,100,5.66,1647731855
Dourbali,11.8091,15.8632,TD,25.96,10,4,3.86,1647731856
Turan,16.0678,108.2208,VN,24.99,83,75,1.03,1647731481
Teguise,29.0605,-13.564,ES,16.12,72,20,6.17,1647731858
Bonavista,48.6499,-53.1147,CA,-3.54,69,10,9.77,1647731859
Chui,-33.6971,-53.4616,UY,13.49,64,4,3.86,1647731860
Reconquista,-29.15,-59.65,AR,16.45,50,2,3.79,1647731860
Kapaa,22.0752,-159.319,US,27.49,70,0,5.14,1647731861
Port Elizabeth,-33.918,25.5701,ZA,20.17,96,20,1.54,1647731862
Rawson,-43.3002,-65.1023,AR,12.2,52,11,6.18,1647731863
Conde,-7.2597,-34.9075,BR,26.7,83,40,2.06,1647731863
Bengkulu,-3.8004,102.2655,ID,23.84,87,100,1.64,1647731865
Nyurba,63.2842,118.3319,RU,-12.27,93,100,4.1,1647731866
Bud,39.447,-86.1758,US,4.99,92,100,6.15,1647731867
Palu,-0.8917,119.8707,ID,24.36,93,100,1.36,1647731868
Yelets,52.6237,38.5017,RU,-11.23,100,63,2.07,1647731870
Stokmarknes,68.5646,14.9108,NO,6.36,87,100,11.81,1647731871
Kuytun,54.3419,101.5036,RU,-8.86,88,100,4.63,1647731871
Dudinka,69.4058,86.1778,RU,-9.91,95,100,5.37,1647731872
Iqaluit,63.7506,-68.5145,CA,-25.73,62,20,4.12,1647731873
Vila Velha,-20.3297,-40.2925,BR,26.97,88,40,3.6,1647731874
Jamestown,42.097,-79.2353,US,10.01,64,100,9.26,1647731875
Korla,41.7597,86.1469,CN,7.34,49,100,3.58,1647731725
Norman Wells,65.282,-126.8329,CA,-15.98,72,100,7.2,1647731876
Peruíbe,-24.32,-46.9983,BR,24.19,95,99,3.4,1647731877
Isangel,-19.55,169.2667,VU,28.45,73,74,3.82,1647731678
Sabha,27.0377,14.4283,LY,22.09,16,66,3.91,1647731878
Lebu,-37.6167,-73.65,CL,13.94,74,75,3.71,1647731879
Lavrentiya,65.5833,-171.0,RU,-16.53,68,1,1.05,1647731880
Meulaboh,4.1363,96.1285,ID,24.31,88,100,3.15,1647731883
Vostok,46.4856,135.8833,RU,-9.16,89,100,1.13,1647731884
Lerwick,60.1545,-1.1494,GB,8.0,76,100,10.84,1647731885
Bajil,15.0584,43.2851,YE,26.36,68,3,2.22,1647731886
Ponta Delgada,37.7333,-25.6667,PT,12.5,66,40,2.57,1647731887
Portland,45.5234,-122.6762,US,13.28,53,40,6.69,1647731856
Roebourne,-20.7833,117.1333,AU,29.63,61,8,2.5,1647731717
Lesnoy,57.6198,63.0784,RU,-7.06,96,13,3.25,1647731889
Iwaki,37.05,140.8833,JP,7.23,56,6,2.68,1647731607
Zilair,52.2332,57.4392,RU,-14.09,99,100,1.92,1647731891
Horasan,40.0458,42.1728,TR,-6.6,96,100,1.7,1647731891
Kawalu,-7.3817,108.2082,ID,22.47,96,100,0.58,1647731893
Valparaíso,-33.0393,-71.6273,CL,24.13,49,0,3.6,1647731893
George,-33.963,22.4617,ZA,18.75,100,100,0.51,1647731894
Caravelas,-17.7125,-39.2481,BR,24.67,82,1,2.44,1647731895
Fort Nelson,58.8053,-122.7002,CA,4.77,42,75,1.54,1647731897
Saint George,37.1041,-113.5841,US,22.57,15,0,1.79,1647731898
Alamosa,37.4695,-105.87,US,11.99,12,0,3.6,1647731898
Ondjiva,-17.0667,15.7333,AO,21.12,67,84,2.99,1647731900
Gdov,58.7406,27.8122,RU,-1.51,96,8,3.4,1647731900
Puerto Escondido,15.85,-97.0667,MX,30.46,70,20,3.09,1647731901
Ostrava,49.8346,18.282,CZ,2.76,56,0,1.54,1647731902
Kivsharivka,49.6213,37.7036,UA,-11.37,96,45,1.93,1647731903
Ilulissat,69.2167,-51.1,GL,-16.99,71,20,4.12,1647731905
Kelo,9.3086,15.8066,TD,28.67,13,33,2.6,1647731905
Coyhaique,-45.5752,-72.0662,CL,15.34,58,0,1.54,1647731906
Bonthe,7.5264,-12.505,SL,25.46,79,73,3.28,1647731907
Kilinochchi,9.3961,80.3982,LK,24.39,93,6,3.61,1647731908
Qingdao,36.0986,120.3719,CN,-1.22,74,0,1.0,1647731846
Solnechnyy,50.7214,136.6319,RU,-8.74,90,52,1.63,1647731910
Muros,42.7762,-9.0603,ES,12.83,75,100,3.1,1647731911
Katsuura,35.1333,140.3,JP,9.78,63,87,4.16,1647731912
Juba,4.8517,31.5825,SS,31.3,30,83,1.39,1647731914
Flin Flon,54.7682,-101.865,CA,5.91,52,75,2.06,1647731915
Saldanha,-33.0117,17.9442,ZA,19.42,84,0,4.88,1647731916
Cairns,-16.9167,145.7667,AU,29.48,82,40,5.14,1647731671
Sørkjosen,69.8,20.9333,NO,2.38,99,100,4.74,1647731918
Uruguaiana,-29.7547,-57.0883,BR,17.96,52,0,5.66,1647731918
Dongkan,33.9997,119.8308,CN,2.41,70,70,2.85,1647731919
Dogondoutchi,13.6393,4.0287,NE,28.62,11,56,3.07,1647731920
Huadian,42.9633,126.7478,CN,-8.34,90,87,1.2,1647731921
Nānākuli,21.3906,-158.1547,US,28.65,54,75,4.63,1647731921
Igrim,63.1906,64.4162,RU,-5.15,92,43,3.35,1647731922
East London,-33.0153,27.9116,ZA,21.35,87,66,1.9,1647731923
Kaitangata,-46.2817,169.8464,NZ,14.71,69,44,2.05,1647731924
Castro,-24.7911,-50.0119,BR,18.37,94,69,2.04,1647731925
Dhidhdhoo,6.8833,73.1,MV,28.8,70,58,6.04,1647731926
Una,20.8167,71.0333,IN,25.38,49,3,5.18,1647731927
Kysyl-Syr,63.8986,122.7617,RU,-19.72,96,67,2.7,1647731927
Tasiilaq,65.6145,-37.6368,GL,-7.91,74,79,2.74,1647731928
Maragogi,-9.0122,-35.2225,BR,25.81,81,52,3.4,1647731929
Provideniya,64.3833,-173.3,RU,-12.02,54,1,1.27,1647731930
Lodja,-3.4833,23.4333,CD,22.24,76,74,1.03,1647731930
Kavieng,-2.5744,150.7967,PG,29.56,65,39,5.39,1647731931
Laguna,38.421,-121.4238,US,17.07,57,75,6.17,1647731932
Tayzhina,53.6679,87.4362,RU,-12.84,97,100,1.61,1647731933
Stornoway,58.2093,-6.3865,GB,11.63,59,2,5.14,1647731933
Pisco,-13.7,-76.2167,PE,22.03,83,0,2.57,1647731934
Barrow,71.2906,-156.7887,US,-18.99,71,100,4.63,1647731935
Oistins,13.0667,-59.5333,BB,25.05,73,40,7.72,1647731936
Lufilufi,-13.8745,-171.5986,WS,31.88,69,85,8.54,1647731936
Worland,44.0169,-107.9554,US,13.25,29,0,5.14,1647731937
Lompoc,34.6391,-120.4579,US,17.1,64,100,2.57,1647731938
Lázaro Cárdenas,17.9583,-102.2,MX,27.11,52,1,3.29,1647731939
Antofagasta,-23.65,-70.4,CL,18.6,81,40,2.65,1647731940
Hamilton,39.1834,-84.5333,US,6.8,83,100,7.72,1647731941
George Town,5.4112,100.3354,MY,26.96,93,20,1.54,1647731941
Kavaratti,10.5669,72.642,IN,28.16,66,95,5.02,1647731942
Towada,40.6127,141.2067,JP,1.82,92,100,3.79,1647731943
Chuzhou,32.3219,118.2978,CN,4.41,88,100,5.76,1647731944
Cariré,-3.9506,-40.4733,BR,23.79,89,29,1.64,1647731944
Saint-Augustin,51.226,-58.6502,CA,-9.6,87,52,2.04,1647731945
Ixtapa,20.7,-105.2,MX,23.57,69,20,6.17,1647731946
Nuuk,64.1835,-51.7216,GL,-14.66,72,75,2.06,1647731947
Uthal,25.8072,66.6219,PK,25.78,26,0,0.54,1647731948
Kruisfontein,-34.0033,24.7314,ZA,18.82,97,0,1.28,1647731948
Nemuro,43.3236,145.575,JP,-0.77,79,94,9.85,1647731776
Saskylakh,71.9167,114.0833,RU,-17.94,99,100,0.94,1647731950
Viedma,-40.8135,-62.9967,AR,12.6,53,53,5.67,1647731951
Severo-Kuril'sk,50.6789,156.125,RU,0.47,98,100,7.18,1647731952
Kapit,2.0167,112.9333,MY,22.55,100,100,0.57,1647731953
Lagoa,39.05,-27.9833,PT,13.35,63,60,7.31,1647731954
Stromness,58.965,-3.296,GB,6.98,77,100,15.99,1647731954
Hongjiang,27.11,109.9956,CN,14.77,85,100,2.22,1647731955
Djambala,-2.5447,14.7533,CG,21.61,86,71,1.65,1647731956
Srandakan,-7.9386,110.2506,ID,24.67,91,100,1.8,1647731957
Bull Savanna,17.8868,-77.5902,JM,25.52,66,31,5.71,1647731958
Sibolga,1.7427,98.7792,ID,24.47,87,100,0.89,1647731959
Carnarvon,-24.8667,113.6333,AU,25.04,78,100,2.57,1647731959
Marabu,4.4148,114.0089,MY,24.08,100,40,3.09,1647731956
Sioux Lookout,50.1001,-91.917,CA,7.04,53,20,2.57,1647731961
Katherine,-14.4667,132.2667,AU,29.18,61,32,2.06,1647731962
San-Pédro,4.7485,-6.6363,CI,25.97,90,15,2.94,1647731963
Esperance,-33.8667,121.9,AU,18.91,77,100,5.65,1647731964
Broken Hill,-31.95,141.4333,AU,27.0,37,2,2.03,1647731965
Kjøllefjord,70.9457,27.3465,NO,1.94,70,100,15.03,1647731965
Sola,-13.8833,167.55,VU,28.29,72,72,6.03,1647731966
Cidreira,-30.1811,-50.2056,BR,19.95,79,51,4.95,1647731968
Alta Floresta,-9.8756,-56.0861,BR,23.16,92,40,0.47,1647731969
Coaldale,49.7167,-112.6185,CA,14.62,24,75,4.12,1647731970
Sa Kaeo,13.75,102.3333,TH,26.13,77,92,1.33,1647731971
Halifax,44.6453,-63.5724,CA,2.97,73,100,8.75,1647731972
Vardø,70.3705,31.1107,NO,1.27,87,78,12.51,1647731973
Sakakah,29.9697,40.2064,SA,13.76,42,30,4.11,1647731974
Mwense,-10.3845,28.698,ZM,18.8,97,83,1.52,1647731975
Upernavik,72.7868,-56.1549,GL,-18.62,97,100,2.62,1647731976
Mataram,-8.5833,116.1167,ID,25.45,82,85,0.92,1647731448
Nogliki,51.8333,143.1667,RU,-5.35,92,100,7.02,1647731977
Pozoblanco,38.3791,-4.8483,ES,9.48,73,100,1.7,1647731978
Mitú,1.1983,-70.1733,CO,23.27,95,83,0.91,1647731979
Wajima,37.4,136.9,JP,3.38,93,75,0.51,1647731980
Port Lincoln,-34.7333,135.8667,AU,19.07,79,61,5.02,1647731980
Huaihua,27.5494,109.9592,CN,10.65,88,100,3.01,1647731981
Ortona,42.3496,14.4039,IT,7.99,71,26,1.05,1647731982
Kirakira,-10.4544,161.9205,SB,28.53,76,100,3.05,1647731984
Bukachacha,52.9833,116.9167,RU,-20.42,97,82,1.29,1647731985
Nogales,31.3086,-110.9422,MX,26.76,3,0,7.2,1647731986
Lima,-12.0432,-77.0282,PE,19.1,33,40,4.12,1647731987
Tezu,27.9167,96.1667,IN,22.66,32,14,1.95,1647731987
Talnakh,69.4865,88.3972,RU,-15.19,95,100,4.16,1647731988
Mil'kovo,54.7167,158.6167,RU,-4.11,90,100,2.79,1647731989
Ancud,-41.8697,-73.8203,CL,12.12,73,100,2.41,1647731990
Jonesboro,35.8423,-90.7043,US,17.9,23,0,5.14,1647731735
Mopipi,-21.1833,24.8833,BW,21.85,49,68,6.11,1647731992
Zhangaözen,43.3,52.8,KZ,-0.34,55,98,4.44,1647731993
Tingi,-11.3,35.0333,TZ,17.5,94,100,0.77,1647731993
Camocim,-2.9022,-40.8411,BR,24.79,91,94,3.1,1647731994
Galle,6.0367,80.217,LK,25.97,85,53,5.31,1647731989
Le Pont-de-Claix,45.1244,5.7064,FR,9.79,80,33,1.55,1647731996
Hervey Bay,-25.2986,152.8535,AU,21.68,96,92,4.02,1647731997
Yaan,7.3833,8.5667,NG,30.11,16,20,2.85,1647731998
Kasama,-10.2129,31.1808,ZM,16.29,99,99,1.39,1647731999
Baley,51.6,116.6333,RU,-19.77,100,90,0.77,1647732000
Morro Bay,35.3658,-120.8499,US,17.49,84,96,1.79,1647732001
Wanning,18.8003,110.3967,CN,24.27,95,98,2.52,1647732001
Leningradskiy,69.3833,178.4167,RU,-17.63,76,8,1.47,1647732003
Jalingo,8.8833,11.3667,NG,27.42,11,8,1.67,1647732003
Kumul,42.8,93.45,CN,5.03,31,98,3.66,1647732004
Cabo San Lucas,22.8909,-109.9124,MX,29.23,39,0,5.14,1647732005
Ormara,25.2088,64.6357,PK,24.14,67,0,6.06,1647732006
Laas,46.6166,10.7002,IT,3.72,96,94,2.16,1647732008
Tilichiki,60.4667,166.1,RU,-6.97,93,100,2.45,1647732011
Singaparna,-7.3515,108.111,ID,22.07,93,100,0.85,1647732012
Uyskoye,54.3775,60.0047,RU,-15.94,99,62,1.68,1647732013
Waipawa,-41.4122,175.5153,NZ,17.27,62,96,4.85,1647732014
Reguengos de Monsaraz,38.4253,-7.5349,PT,11.53,73,100,2.01,1647732015
Yulara,-25.2406,130.9889,AU,27.91,30,0,4.12,1647732016
Vieques,18.425,-65.8329,PR,26.16,78,40,6.69,1647732016
Madang,-5.2246,145.7966,PG,27.24,84,67,1.19,1647732017
Yumbe,3.4651,31.2469,UG,26.22,38,82,1.7,1647732018
Mandalgovi,45.7625,106.2708,MN,-12.47,73,1,2.77,1647732019
Tautira,-17.7333,-149.15,PF,28.33,72,33,8.06,1647732020
Ambovombe,-25.1667,46.0833,MG,21.18,67,63,4.34,1647732020
Walla Walla,46.0646,-118.343,US,13.6,52,100,6.26,1647732021
Chalmette,29.9427,-89.9634,US,21.11,29,0,5.14,1647732024
Manokwari,-0.8667,134.0833,ID,27.58,74,89,1.68,1647732025
Mount Gambier,-37.8333,140.7667,AU,17.76,77,100,2.73,1647731784
Ishigaki,24.3448,124.1572,JP,22.07,78,75,5.14,1647731908
Kolokani,13.5728,-8.0339,ML,29.0,19,46,3.46,1647732028
Ocampo,21.65,-101.5,MX,23.55,13,15,3.47,1647732028
Ada,43.4166,-116.1262,US,14.08,44,75,3.6,1647732029
Knysna,-34.0363,23.0471,ZA,19.96,96,25,1.13,1647732030
Kaohsiung City,22.6163,120.3133,TW,22.97,82,40,2.06,1647731710
Ocós,14.5094,-92.1933,GT,32.1,62,0,4.29,1647732032
Arrondissement de Bressuire,46.9167,-0.5,FR,8.09,90,95,2.14,1647732032
Shaowu,27.3409,117.4831,CN,17.99,91,99,1.64,1647732033
Los Llanos de Aridane,28.6585,-17.9182,ES,13.86,76,75,2.68,1647732034
Krasnovishersk,60.4078,57.082,RU,-1.67,95,100,3.06,1647732035
Pilar,-9.5972,-35.9567,BR,24.96,82,50,1.89,1647732035
Caucaia,-3.7361,-38.6531,BR,27.24,76,20,3.09,1647732036
Moyale,3.5167,39.0584,KE,23.22,43,57,0.76,1647732037
Zadar,44.1197,15.2422,HR,7.34,39,0,4.63,1647732038
Kulhudhuffushi,6.6221,73.07,MV,28.6,70,22,6.66,1647732038
Luza,60.6308,47.2512,RU,-1.24,85,85,5.48,1647732039
Klaksvík,62.2266,-6.589,FO,10.51,78,20,10.96,1647732040
Dingle,10.9995,122.6711,PH,26.16,86,100,3.42,1647732041
Umluj,25.0213,37.2685,SA,19.67,59,0,4.85,1647732043
Kangaatsiaq,68.3065,-53.4641,GL,-19.92,94,100,5.25,1647732044
Tha Bo,17.85,102.5814,TH,23.94,100,40,0.0,1647732045
Saint-Joseph,-21.3667,55.6167,RE,23.95,90,94,2.35,1647732046
Hanna,51.6334,-111.9018,CA,11.03,33,96,2.24,1647732047
Pancas,-19.225,-40.8514,BR,24.96,78,95,1.88,1647732048
Ube,33.9431,131.2511,JP,7.99,80,75,1.03,1647731781
Qinggang,46.6833,126.0833,CN,-13.26,86,91,1.28,1647732050
Karasjok,69.4719,25.5112,NO,0.12,87,94,5.62,1647732051
Bambari,5.768,20.6757,CF,26.08,25,38,1.03,1647732051
Amapá,1.0,-52.0,BR,22.43,99,99,1.08,1647732053
Hay River,60.8156,-115.7999,CA,-4.02,86,75,4.12,1647732054
Victor Harbor,-35.5667,138.6167,AU,18.33,85,100,3.1,1647732056
Boende,-0.2167,20.8667,CD,25.32,63,92,1.23,1647732058
Te Anau,-45.4167,167.7167,NZ,15.34,69,41,0.15,1647732059
Nikolskoye,59.7035,30.7861,RU,1.6,78,14,4.13,1647732059
Longyearbyen,78.2186,15.6401,SJ,-7.09,63,75,6.69,1647732060
Walvis Bay,-22.9575,14.5053,NA,16.72,94,34,1.54,1647732061
Vanavara,60.34,102.2797,RU,-9.03,93,100,4.92,1647732063
Marsh Harbour,26.5412,-77.0636,BS,25.12,78,2,5.77,1647732064
Tambacounda,13.7539,-13.7586,SN,31.9,13,63,4.67,1647732065
Topolobampo,25.6,-109.05,MX,27.95,17,0,6.17,1647732066
Faya,18.3851,42.4509,SA,15.06,70,1,1.47,1647732068
Tiruchirappalli,10.8167,78.6833,IN,28.06,69,75,4.12,1647731837
Alot,23.7667,75.55,IN,25.1,19,1,3.21,1647732069
Coahuayana Viejo,18.7333,-103.6833,MX,29.34,31,0,2.71,1647732070
Hearst,49.6835,-83.6665,CA,9.14,91,100,1.94,1647732071
Marathon,44.9,-89.7668,US,8.58,58,0,5.66,1647732072
Puerto Madryn,-42.7692,-65.0385,AR,12.88,54,15,5.34,1647732073
Pacific Grove,36.6177,-121.9166,US,12.67,90,100,3.13,1647732073
Monchique,37.3177,-8.5553,PT,12.3,75,99,6.17,1647732074
Sisimiut,66.9395,-53.6735,GL,-24.07,96,90,2.54,1647732075
Invercargill,-46.4,168.35,NZ,16.68,75,39,1.34,1647732027
Boissevain,49.2306,-100.0559,CA,6.28,68,1,0.63,1647732077
Whitianga,-36.8333,175.7,NZ,18.94,74,100,8.12,1647732078
Zharkovskiy,55.849,32.2697,RU,-3.57,96,0,1.44,1647732078
Kodinsk,58.6881,99.1844,RU,-8.08,95,100,3.55,1647732079
Gold Coast,-28.0,153.4333,AU,25.09,67,11,4.63,1647732060
Navahrudak,53.6,25.8333,BY,-1.18,71,3,1.59,1647732081
Naze,28.3667,129.4833,JP,15.51,65,33,3.65,1647732082
Nouadhibou,20.931,-17.0347,MR,17.99,68,0,8.75,1647732083
Mastic Beach,40.7668,-72.8521,US,13.88,87,75,7.15,1647732083
Pahrump,36.2083,-115.9839,US,24.35,11,100,4.47,1647732084
Verkhnyaya Inta,65.9811,60.3094,RU,-3.57,88,95,9.03,1647732085
Changji,44.0167,87.3167,CN,0.44,86,0,1.0,1647732086
Bireun,5.203,96.7009,ID,25.09,81,100,2.0,1647731798
Miltenberg,49.7039,9.2644,DE,6.61,59,34,2.68,1647732088
Kaeo,-35.1,173.7833,NZ,21.29,80,100,9.31,1647732089
Dejen,10.1667,38.1333,ET,14.34,69,86,1.38,1647732090
Parfen'yevo,58.484,43.4088,RU,-2.92,96,66,3.1,1647732091
Necochea,-38.5473,-58.7368,AR,13.29,63,88,6.06,1647732092
Handan,36.6006,114.4678,CN,2.46,65,100,1.42,1647732093
Forsytheganj,52.6333,29.7333,BY,-2.11,92,5,2.33,1647732093
Prata,-19.3072,-48.9242,BR,24.87,72,100,1.33,1647732094
Bamako,12.65,-8.0,ML,28.23,32,0,1.03,1647732095
Semey,50.4111,80.2275,KZ,-17.86,100,98,0.91,1647732096
Tazovsky,67.4667,78.7,RU,-4.72,95,100,5.77,1647732097
Qui Nhon,13.7667,109.2333,VN,24.01,90,100,1.25,1647731945
Tucumã,-0.1833,-50.05,BR,23.51,95,100,2.58,1647732099
Farīdkot,30.6667,74.75,IN,20.6,31,0,2.7,1647732101
Chaupāl,30.95,77.5833,IN,9.79,60,0,1.91,1647732102
Tabou,4.423,-7.3528,CI,26.03,89,30,2.9,1647732102
Traverse City,44.7631,-85.6206,US,3.18,94,100,5.14,1647732104
Chapleau,47.8405,-83.4034,CA,2.05,100,100,3.6,1647732104
Turbat,26.0023,63.044,PK,23.87,18,0,4.0,1647732105
Vila Franca do Campo,37.7167,-25.4333,PT,12.33,65,57,2.45,1647732106
Samarai,-10.6167,150.6667,PG,29.93,70,93,6.92,1647732107
Synya,65.3718,58.0387,RU,-3.61,96,84,5.56,1647732108
Zhanakorgan,43.9098,67.2495,KZ,-0.44,56,0,2.9,1647732108
Aranda de Duero,41.6704,-3.6892,ES,6.85,80,40,4.53,1647732109
Yamada,39.4667,141.95,JP,3.78,85,100,2.55,1647732110
Pinega,64.7001,43.3936,RU,2.32,86,97,6.04,1647732111
Salalah,17.0151,54.0924,OM,23.72,22,0,4.76,1647732112
Tabora,-5.0167,32.8,TZ,17.79,91,100,1.64,1647732113
Santa Lucía,27.9117,-15.5407,ES,13.62,63,40,6.69,1647732114
Freeport,40.6576,-73.5832,US,18.88,77,0,9.77,1647732114
Kununurra,-15.7667,128.7333,AU,27.99,78,94,2.06,1647732115
Port-Gentil,-0.7193,8.7815,GA,26.76,83,88,3.41,1647732116
Ukiah,39.1502,-123.2078,US,14.18,75,100,3.6,1647732117
Taltal,-25.4,-70.4833,CL,19.73,79,25,2.42,1647732118
Truro,50.2653,-5.0544,GB,10.6,71,100,8.75,1647732119
Souillac,-20.5167,57.5167,MU,25.21,94,40,0.0,1647732120
Misratah,32.3754,15.0925,LY,15.1,70,80,13.99,1647732121
Tateyama,34.9833,139.8667,JP,12.83,63,85,5.3,1647732088
Baltoji Vokė,54.6,25.2,LT,-0.75,64,0,1.03,1647732123
Båtsfjord,70.6345,29.7185,NO,0.93,89,95,14.67,1647732124
Nouakchott,18.0858,-15.9785,MR,19.96,79,5,7.99,1647732125
São João da Barra,-21.6403,-41.0511,BR,25.9,83,62,6.82,1647732027
Coquimbo,-29.9533,-71.3436,CL,16.85,88,40,5.14,1647732127
Tadó,5.266,-76.5649,CO,24.3,96,92,1.12,1647732127
Maniitsoq,65.4167,-52.9,GL,-21.9,97,98,2.1,1647732128
Praia,14.9215,-23.5087,CV,20.3,68,20,8.75,1647732129
Jalu,29.0331,21.5482,LY,13.16,44,86,12.8,1647732130
Magadan,59.5667,150.8,RU,-5.26,87,100,4.77,1647732031
Peniche,39.3558,-9.3811,PT,16.63,82,100,6.04,1647732131
Worcester,42.3334,-71.8328,US,10.4,90,100,3.6,1647732132
Yeppoon,-23.1333,150.7333,AU,24.88,68,10,6.65,1647732133
Dulce Nombre de Culmí,15.1,-85.5333,HN,30.13,48,96,2.49,1647732134
Kahramanmaraş Province,38.0,37.0,TR,-12.28,71,89,2.71,1647732135
Shulin,22.7454,108.423,CN,21.31,88,60,4.52,1647732135
Aasiaat,68.7098,-52.8699,GL,-23.55,100,98,2.69,1647732094
Hofn,64.2539,-15.2082,IS,7.57,87,100,14.8,1647732137
Talara,-4.5772,-81.2719,PE,24.57,74,100,3.96,1647732138
Jaciara,-15.9653,-54.9683,BR,23.43,89,22,0.65,1647732139
Esim,4.8699,-2.2405,GH,26.78,87,53,3.09,1647732140
Bondo,3.8146,23.6866,CD,23.52,45,87,1.02,1647732141
Aksarka,66.5606,67.7975,RU,-5.46,86,82,6.91,1647732142
San Andrés,12.5847,-81.7006,CO,29.01,65,40,5.66,1647732142
Isla Mujeres,21.2311,-86.731,MX,28.03,74,2,4.46,1647732143
Korbous,36.8167,10.5687,TN,13.02,91,100,14.65,1647732144
Bratsk,56.1325,101.6142,RU,-10.73,88,99,4.9,1647731995
Paris,48.8534,2.3488,FR,9.77,44,0,6.17,1647732066
Ahipara,-35.1667,173.1667,NZ,18.4,94,100,8.51,1647732148
Ojinaga,29.5667,-104.4167,MX,27.54,15,0,0.0,1647732149
Lyubotyn,49.95,35.9667,UA,-6.81,97,41,1.59,1647732150
Tessalit,20.1986,1.0114,ML,24.72,15,0,4.03,1647732150
Morón,-34.6534,-58.6198,AR,18.32,55,83,1.66,1647732151
Yārāda,17.65,83.2667,IN,25.2,82,6,1.84,1647732152
Port Moresby,-9.4431,147.1797,PG,28.68,74,20,2.57,1647732153
Bilibino,68.0546,166.4372,RU,-18.46,75,32,1.15,1647732154
Tual,-5.6667,132.75,ID,29.16,74,95,2.45,1647732154
Priozyornoye,45.2698,36.3303,UA,0.9,58,4,11.48,1647732155
Grand Gaube,-20.0064,57.6608,MU,25.77,89,19,1.25,1647732156
Plateros,23.2167,-102.85,MX,23.62,6,7,1.98,1647732157
Paita,-5.0892,-81.1144,PE,24.48,74,100,6.53,1647732158
Coronado,32.6859,-117.1831,US,20.7,72,75,5.66,1647732158
Abasolo,20.45,-101.5167,MX,30.21,8,4,3.49,1647732159
Quesnel,52.9999,-122.5029,CA,4.28,75,100,3.09,1647732160
Kambove,-10.8764,26.5969,CD,15.84,98,58,1.51,1647732161
Labytnangi,66.6572,66.4183,RU,-6.26,85,33,5.42,1647732162
Porto-Novo,6.4965,2.6036,BJ,28.9,79,100,4.43,1647732163
Codrington,-38.2667,141.9667,AU,18.6,75,98,2.89,1647732163
Atar,20.5169,-13.0499,MR,23.01,22,5,3.0,1647732164
Lata,40.1629,-8.3327,PT,12.26,56,100,5.06,1647732165
Zeya,53.75,127.2667,RU,-16.69,94,53,0.13,1647732166
Adjumani,3.3779,31.7909,UG,27.6,32,78,1.07,1647732167
Marsaxlokk,35.8419,14.5431,MT,10.6,87,100,11.83,1647732169
Pirovskoye,57.6267,92.2658,RU,-7.44,92,100,5.84,1647732170
Labuhan,-6.8844,112.2051,ID,25.01,87,100,2.54,1647732171
Soyo,-6.1349,12.3689,AO,25.51,84,76,2.34,1647732171
Stephenville,32.2207,-98.2023,US,25.14,13,0,2.57,1647732173
Mushie,-3.0167,16.9,CD,23.91,87,73,1.72,1647732174
Ketchikan,55.3422,-131.6461,US,3.99,93,100,2.06,1647732175
Dinar,38.065,30.1656,TR,-6.02,64,6,3.91,1647732177
Pocrí,8.2667,-80.55,PA,29.86,56,67,7.87,1647732178
Zemio,5.0314,25.1361,CF,24.32,27,89,0.89,1647732179
Saint-François,46.4154,3.9054,FR,5.38,92,12,2.06,1647732180
Tura,25.5198,90.2201,IN,21.84,40,44,2.31,1647732181
Maumere,-8.6199,122.2111,ID,26.61,80,96,2.25,1647732181
Acapulco de Juárez,16.8634,-99.8901,MX,26.9,74,0,4.63,1647732182
Flinders,-34.5833,150.8552,AU,21.77,70,17,2.68,1647732183
Aketi,2.7388,23.7833,CD,24.61,53,80,0.46,1647732184
Revelstoke,50.9832,-118.2023,CA,4.01,93,100,1.54,1647732184
Naranjal,-2.6667,-79.6167,EC,25.05,93,100,0.72,1647732187
Bolshaya Rechka,51.9503,104.7355,RU,-16.85,95,100,0.54,1647732188
Nortelândia,-14.4547,-56.8028,BR,23.98,93,75,0.17,1647732190
Mahibadhoo,3.7833,72.9667,MV,27.76,75,20,6.96,1647732191
Miracema,-21.4122,-42.1967,BR,24.6,72,82,1.3,1647732191
Haines Junction,60.7522,-137.5108,CA,3.97,38,81,3.6,1647732193
Biak,-0.9131,122.8766,ID,25.38,81,100,1.08,1647732167
Dingzhou,38.5131,114.9956,CN,-1.94,61,86,1.46,1647732102
Port-Cartier,50.0334,-66.8654,CA,-4.58,83,100,3.81,1647732195
Chara,56.9064,118.2631,RU,-20.56,78,97,0.56,1647732197
Tiarei,-17.5333,-149.3333,PF,31.01,71,12,8.49,1647732198
Montevarchi,43.5276,11.5689,IT,9.31,81,67,2.03,1647732199
Mendi,-6.1761,143.6513,PG,15.88,89,100,0.75,1647732200
San Miguel de Tucumán,-26.8241,-65.2226,AR,17.0,88,100,1.03,1647732201
Bathsheba,13.2167,-59.5167,BB,25.34,73,40,7.72,1647732201
Goderich,43.7501,-81.7165,CA,1.62,100,100,4.12,1647732202
Havøysund,70.9963,24.6622,NO,2.41,68,100,14.47,1647732203
Topi,34.0704,72.6236,PK,19.87,48,13,2.31,1647732204
São Simão,-21.4792,-47.5508,BR,24.25,93,100,0.88,1647731952
Aloleng,16.1307,119.7824,PH,26.85,77,84,1.57,1647732205
Avigliana,45.0771,7.3986,IT,9.33,39,82,1.72,1647732206
Richards Bay,-28.783,32.0377,ZA,20.0,73,98,2.15,1647732207
Karratha,-20.7377,116.8463,AU,29.6,54,19,2.47,1647732208
Smithers,54.7804,-127.1743,CA,6.18,31,20,3.6,1647732209
Simbahan,6.3032,120.5836,PH,28.1,76,98,1.23,1647732210
Klyuchevskiy,53.5317,119.4519,RU,-22.03,98,49,1.21,1647732210
Sikonge,-5.6333,32.7667,TZ,18.32,87,100,1.23,1647732213
Prince Rupert,54.3161,-130.3201,CA,3.83,93,100,9.26,1647732213
Banda Aceh,5.5577,95.3222,ID,25.29,84,99,6.37,1647732106
Piaçabuçu,-10.4056,-36.4344,BR,26.23,77,11,2.9,1647732216
San Buenaventura,27.0833,-101.5333,MX,27.51,19,0,2.06,1647732217
Madimba,-10.4,40.3333,TZ,25.16,89,95,1.99,1647732218
Trincomalee,8.5711,81.2335,LK,25.32,86,1,6.01,1647732219
Veinticinco de Mayo,-35.4323,-60.1727,AR,16.1,60,98,2.21,1647732220
Touros,-5.1989,-35.4608,BR,26.29,75,100,3.84,1647732222
Talcahuano,-36.7167,-73.1167,CL,15.82,67,0,3.6,1647732223
Quang Ngai,15.1167,108.8,VN,23.07,87,100,2.08,1647731997
Katangli,51.7102,143.2326,RU,-5.38,93,100,7.19,1647732224
Kathu,7.9178,98.3332,TH,28.19,80,100,2.25,1647732076
Qaqortoq,60.7167,-46.0333,GL,-13.99,95,34,0.93,1647732226
Departamento de Maldonado,-34.6667,-54.9167,UY,16.24,75,50,2.06,1647732227
Turukhansk,65.8167,87.9833,RU,-7.11,96,100,4.24,1647732227
Ballina,-28.8667,153.5667,AU,23.1,79,89,5.69,1647732228
Dayong,25.0209,118.2898,CN,17.93,75,92,0.57,1647732230
