City,City_ID,Latitude,Longitutde,Country,Max Temp,Humidity,Cloudiness,Wind Speed,Date
Albany,5106841,42.6001,-73.9662,US,12.07,91,77,2.28,2022-03-20 02:53:07
Cherskiy,2126199,68.75,161.3,RU,-9.2,83,12,5.8,2022-03-20 02:43:47
Vardø,777019,70.3705,31.1107,NO,1.37,69,75,13.67,2022-03-20 02:49:12
Adrar,2381972,20.5022,-10.0711,MR,19.82,23,49,3.83,2022-03-20 02:43:49
Avarua,4035715,-21.2078,-159.775,CK,28.03,69,51,2.57,2022-03-20 02:43:50
Gizo Government Station,2108857,-8.103,156.8419,SB,30.37,65,71,3.68,2022-03-20 02:43:50
Puerto Madero,3520989,14.7208,-92.4215,MX,26.11,89,20,0.0,2022-03-20 02:43:51
Kapaa,5848280,22.0752,-159.319,US,26.99,73,20,5.14,2022-03-20 02:43:52
East London,1006984,-33.0153,27.9116,ZA,20.36,85,13,1.16,2022-03-20 02:42:09
Neepawa,6086673,50.2289,-99.4664,CA,1.22,97,57,0.55,2022-03-20 02:43:54
Dikson,1507390,73.5069,80.5464,RU,-13.61,97,100,0.52,2022-03-20 02:43:55
Rio Grande,3451138,-32.035,-52.0986,BR,14.41,64,79,7.5,2022-03-20 02:43:56
Carnarvon,2074865,-24.8667,113.6333,AU,28.04,74,75,6.69,2022-03-20 02:41:57
Banjar,1650232,-8.19,114.9675,ID,28.88,79,95,0.89,2022-03-20 02:43:58
New Norfolk,2155415,-42.7826,147.0587,AU,21.07,44,100,0.98,2022-03-20 02:43:58
Araouane,2460954,18.9048,-3.5265,ML,22.92,16,1,4.01,2022-03-20 02:43:59
Yuanping,1786060,38.7153,112.7575,CN,6.41,40,92,1.58,2022-03-20 02:44:00
George Town,1735106,5.4112,100.3354,MY,30.96,82,20,1.54,2022-03-20 02:40:02
Khatanga,2022572,71.9667,102.5,RU,-12.47,96,99,3.31,2022-03-20 02:44:01
Port Alfred,964432,-33.5906,26.891,ZA,21.58,87,17,1.91,2022-03-20 02:44:02
Sabang,1214026,5.8933,95.3214,ID,26.69,81,100,9.22,2022-03-20 02:44:03
Hobart,2163355,-42.8794,147.3294,AU,21.26,64,75,2.06,2022-03-20 02:48:35
Viedma,3832899,-40.8135,-62.9967,AR,10.87,63,97,5.44,2022-03-20 02:44:05
Clyde River,5924351,70.4692,-68.5914,CA,-32.87,75,0,1.54,2022-03-20 02:44:06
Torbay,6167817,47.6666,-52.7314,CA,-3.01,74,0,2.24,2022-03-20 02:44:06
Maniitsoq,3421982,65.4167,-52.9,GL,-24.05,91,93,2.66,2022-03-20 02:44:07
Bereda,3105522,43.2686,-7.5406,ES,6.19,100,68,0.36,2022-03-20 02:44:09
Puerto Ayora,3652764,-0.7393,-90.3518,EC,25.73,80,12,1.98,2022-03-20 02:44:10
Mitsamiouli,921786,-11.3847,43.2844,KM,27.65,78,100,2.63,2022-03-20 02:44:11
Ushuaia,3833367,-54.8,-68.3,AR,3.49,87,100,4.96,2022-03-20 02:44:12
Querecotillo,3693057,-4.8378,-80.6456,PE,25.9,57,100,4.36,2022-03-20 02:44:12
Qui Nhon,1568574,13.7667,109.2333,VN,27.01,79,100,2.55,2022-03-20 02:42:55
Jacareacanga,3397763,-6.2222,-57.7528,BR,22.63,98,55,0.48,2022-03-20 02:44:14
Sokółka,758651,53.4072,23.5023,PL,-2.97,64,2,1.47,2022-03-20 02:44:16
Lebu,3883457,-37.6167,-73.65,CL,12.35,74,100,2.68,2022-03-20 02:44:18
Poykovskiy,1494276,61.2333,73.3333,RU,-4.84,80,0,5.0,2022-03-20 02:44:19
Rikitea,4030556,-23.1203,-134.9692,PF,27.08,74,13,4.43,2022-03-20 02:44:20
Vera Cruz,3445307,-12.6333,-41.0333,BR,20.49,86,75,1.05,2022-03-20 02:44:20
Ryōtsu-minato,1853371,38.0833,138.4333,JP,5.7,57,100,6.29,2022-03-20 02:42:48
Klaksvík,2618795,62.2266,-6.589,FO,8.51,80,21,11.58,2022-03-20 02:44:22
Bredasdorp,1015776,-34.5322,20.0403,ZA,20.24,87,45,3.47,2022-03-20 02:44:23
Abu Samrah,172515,35.3029,37.1841,SY,-0.52,46,0,2.32,2022-03-20 02:44:24
Labuan,1733782,5.2767,115.2417,MY,28.2,78,20,1.54,2022-03-20 02:44:25
Peniche,2264923,39.3558,-9.3811,PT,15.06,74,100,6.44,2022-03-20 02:44:25
New Ulm,5039173,44.3125,-94.4605,US,8.21,83,0,3.6,2022-03-20 02:44:26
Inírida,3671450,3.8653,-67.9239,CO,22.59,93,100,0.43,2022-03-20 02:44:27
Upernavik,3418910,72.7868,-56.1549,GL,-20.33,97,100,4.14,2022-03-20 02:44:28
Punta Arenas,3874787,-53.15,-70.9167,CL,9.06,76,0,6.17,2022-03-20 02:44:28
Hermanus,3366880,-34.4187,19.2345,ZA,21.56,88,31,4.34,2022-03-20 02:44:29
Ola,2122574,59.5833,151.2833,RU,-1.03,72,82,6.65,2022-03-20 02:44:30
Katsuura,2112309,35.1333,140.3,JP,11.03,53,78,4.45,2022-03-20 02:42:09
Trairi,3386177,-3.2778,-39.2689,BR,24.52,87,74,2.11,2022-03-20 02:44:33
Chinsali,918905,-10.5414,32.0816,ZM,17.98,94,100,3.14,2022-03-20 02:44:34
Natá,3703938,8.3333,-80.5167,PA,25.38,77,80,4.83,2022-03-20 02:44:35
Naze,1855540,28.3667,129.4833,JP,17.51,59,53,2.73,2022-03-20 02:41:15
Shimoda,1852357,34.6667,138.95,JP,13.2,68,51,1.27,2022-03-20 02:39:46
Busselton,2075265,-33.65,115.3333,AU,24.82,53,100,2.51,2022-03-20 02:44:38
Mossamedes,3347019,-15.1961,12.1522,AO,23.38,71,74,3.95,2022-03-20 02:44:38
Zemio,235826,5.0314,25.1361,CF,22.31,33,98,1.58,2022-03-20 02:44:39
Le Port,935616,-20.9373,55.2919,RE,25.0,83,98,2.84,2022-03-20 02:44:40
San Patricio,4726521,28.017,-97.5169,US,18.24,56,0,3.44,2022-03-20 02:44:42
Tabory,1490364,58.5198,64.5495,RU,-5.1,97,93,2.63,2022-03-20 02:44:44
Pingliang,1798760,35.5392,106.6861,CN,10.76,31,92,2.14,2022-03-20 02:44:44
Yellowknife,6185377,62.456,-114.3525,CA,-7.71,100,100,6.17,2022-03-20 02:44:45
Gamboma,2259947,-1.8764,15.8644,CG,23.26,82,9,1.8,2022-03-20 02:44:46
Bluff,2206939,-46.6,168.3333,NZ,19.89,73,57,7.89,2022-03-20 02:44:47
Kumul,1529484,42.8,93.45,CN,6.24,27,100,1.1,2022-03-20 02:44:47
Faanui,4034551,-16.4833,-151.75,PF,27.96,74,23,7.25,2022-03-20 02:44:48
Petropavl,1520172,54.8753,69.1628,KZ,-13.01,56,0,8.0,2022-03-20 02:44:49
Atuona,4020109,-9.8,-139.0333,PF,26.02,77,9,5.39,2022-03-20 02:44:50
Cape Town,3369157,-33.9258,18.4232,ZA,20.06,87,0,5.66,2022-03-20 02:44:25
Praia da Vitória,3372760,38.7333,-27.0667,PT,13.2,87,20,6.33,2022-03-20 02:44:51
Flinders,6255012,-34.5833,150.8552,AU,24.6,60,0,3.0,2022-03-20 02:44:52
Portland,5746545,45.5234,-122.6762,US,9.32,60,22,1.34,2022-03-20 02:44:53
Neuquén,3843123,-38.9516,-68.0591,AR,17.94,55,0,4.12,2022-03-20 02:44:54
Sept-Îles,6144312,50.2001,-66.3821,CA,-3.76,56,100,5.14,2022-03-20 02:44:55
Barrow,5880054,71.2906,-156.7887,US,-21.99,71,0,4.12,2022-03-20 02:44:57
Ituaçu,3460531,-13.8133,-41.2967,BR,21.53,78,40,1.41,2022-03-20 02:44:58
Tiksi,2015306,71.6872,128.8694,RU,-12.13,78,100,11.01,2022-03-20 02:44:59
Narsaq,3421719,60.9167,-46.05,GL,-9.88,79,24,2.67,2022-03-20 02:45:01
Tateyama,1850523,34.9833,139.8667,JP,11.13,63,83,4.44,2022-03-20 02:44:06
Kalmunai,1242110,7.4167,81.8167,LK,26.81,74,2,1.19,2022-03-20 02:45:03
Moshi,153209,-3.35,37.3333,TZ,20.25,82,100,1.16,2022-03-20 02:45:03
Barsovo,1510842,61.1667,73.1667,RU,-4.93,96,100,6.37,2022-03-20 02:45:05
Gulariyā,1283368,28.2333,81.3333,NP,28.4,25,2,0.59,2022-03-20 02:45:06
Souillac,933995,-20.5167,57.5167,MU,24.21,94,40,1.54,2022-03-20 02:45:06
Qaanaaq,3831208,77.484,-69.3632,GL,-22.18,94,100,2.85,2022-03-20 02:45:08
Chutove,710342,49.7104,35.1603,UA,-6.34,95,40,2.84,2022-03-20 02:45:08
Kutum,371745,14.2,24.6667,SD,15.49,12,22,2.68,2022-03-20 02:45:09
Paarl,3363094,-33.7338,18.9752,ZA,19.45,83,12,3.46,2022-03-20 02:45:10
Norman Wells,6089245,65.282,-126.8329,CA,-16.98,71,100,5.66,2022-03-20 02:45:11
Nikolskoye,546105,59.7035,30.7861,RU,1.6,82,0,4.06,2022-03-20 02:45:12
Rocha,3440777,-34.4833,-54.3333,UY,12.03,71,37,1.46,2022-03-20 02:45:13
Ribeira Grande,3372707,38.5167,-28.7,PT,14.44,66,96,9.56,2022-03-20 02:45:14
Mataura,6201424,-46.1927,168.8643,NZ,19.71,45,45,1.81,2022-03-20 02:45:15
Tasiilaq,3424607,65.6145,-37.6368,GL,-8.91,70,14,3.67,2022-03-20 02:45:16
Kwang Binh,1582886,17.4833,106.6,VN,30.0,60,20,1.47,2022-03-20 02:41:44
Vila Velha,3445026,-20.3297,-40.2925,BR,25.97,91,0,2.06,2022-03-20 02:45:19
Tura,1254046,25.5198,90.2201,IN,28.59,29,3,2.78,2022-03-20 02:45:20
Sadsadan,1691194,16.9333,120.8667,PH,24.09,67,79,0.45,2022-03-20 02:41:16
Prieska,964090,-29.6641,22.7474,ZA,17.38,83,90,1.97,2022-03-20 02:45:22
Disna,629055,55.568,28.1971,BY,-1.06,91,8,1.76,2022-03-20 02:41:28
Xichang,1789647,27.8964,102.2634,CN,22.85,27,0,1.61,2022-03-20 02:42:16
Constitución,3893726,-35.3333,-72.4167,CL,14.54,54,100,4.15,2022-03-20 02:45:24
Caruray,1718234,10.3094,119.0128,PH,30.8,63,100,2.08,2022-03-20 02:45:25
Trelew,3833883,-43.249,-65.3051,AR,11.52,58,100,8.45,2022-03-20 02:45:26
Dudinka,1507116,69.4058,86.1778,RU,-7.43,94,100,6.56,2022-03-20 02:45:27
Vostok,2013279,46.4856,135.8833,RU,-5.32,74,100,3.23,2022-03-20 02:40:57
Cerro Punta,3712636,8.85,-82.5667,PA,10.65,88,59,2.02,2022-03-20 02:45:29
Tromsø,6453316,69.6496,18.957,NO,4.65,100,75,4.63,2022-03-20 02:45:30
Thompson,6165406,55.7435,-97.8558,CA,-4.91,63,75,2.06,2022-03-20 02:45:30
Kenai,5866063,60.5544,-151.2583,US,3.03,65,0,6.17,2022-03-20 02:45:31
Pangnirtung,6096551,66.1451,-65.7125,CA,-30.14,77,13,2.75,2022-03-20 02:45:32
Mar del Plata,3430863,-38.0023,-57.5575,AR,13.26,67,0,4.63,2022-03-20 02:45:33
Hilo,5855927,19.7297,-155.09,US,25.85,78,100,5.66,2022-03-20 02:45:34
Sitka,5557293,57.0531,-135.33,US,3.94,75,100,3.6,2022-03-20 02:45:35
Rapid Valley,5768244,44.0625,-103.1463,US,11.44,33,0,4.92,2022-03-20 02:45:36
Fukuechō,1863997,32.6881,128.8419,JP,12.2,62,75,3.6,2022-03-20 02:45:37
Jamestown,5122534,42.097,-79.2353,US,8.34,62,100,6.69,2022-03-20 02:45:37
Port Elizabeth,964420,-33.918,25.5701,ZA,20.73,97,100,1.03,2022-03-20 02:42:12
Birjand,140463,32.8663,59.2211,IR,4.26,26,0,4.12,2022-03-20 02:45:39
Belmopan,3582672,17.25,-88.7667,BZ,26.21,97,40,0.76,2022-03-20 02:45:40
Bengkulu,1649150,-3.8004,102.2655,ID,28.2,66,96,1.33,2022-03-20 02:45:41
Santa Cruz Cabrália,3450288,-16.2781,-39.0247,BR,25.13,88,40,0.51,2022-03-20 02:45:41
Necochea,3430443,-38.5473,-58.7368,AR,10.39,66,61,4.63,2022-03-20 02:45:42
Geraldton,2070998,-28.7667,114.6,AU,25.23,61,69,6.17,2022-03-20 02:41:08
Jumla,1283285,29.2747,82.1838,NP,16.75,26,51,1.24,2022-03-20 02:45:46
Tual,1623197,-5.6667,132.75,ID,29.03,74,100,2.75,2022-03-20 02:45:48
Guerrero Negro,4021858,27.9769,-114.0611,MX,15.79,82,0,6.41,2022-03-20 02:45:48
Novokruchininskiy,2018925,51.7833,113.7667,RU,-8.15,59,39,3.2,2022-03-20 02:45:49
Vaini,4032243,-21.2,-175.2,TO,28.09,83,100,2.06,2022-03-20 02:45:52
Kjøpsvik,3150002,68.097,16.3742,NO,8.43,93,100,4.1,2022-03-20 02:45:53
Līsakovsk,1521315,52.5369,62.4936,KZ,-17.89,91,5,4.14,2022-03-20 02:45:54
Kahului,5847411,20.8947,-156.47,US,29.01,64,40,5.36,2022-03-20 02:45:55
Lavrentiya,4031637,65.5833,-171.0,RU,-16.94,76,0,0.66,2022-03-20 02:45:56
Fortuna,5563839,40.5982,-124.1573,US,9.25,77,75,6.17,2022-03-20 02:45:57
Lodeynoye Pole,534560,60.726,33.5531,RU,-2.24,93,5,3.16,2022-03-20 02:45:58
Touros,3386213,-5.1989,-35.4608,BR,25.44,85,98,4.01,2022-03-20 02:45:59
Yuncheng,1785738,35.0231,110.9928,CN,9.94,51,94,0.33,2022-03-20 02:46:00
Kandrian,2094746,-6.2167,149.55,PG,29.77,69,94,2.91,2022-03-20 02:46:00
Coronado,5339663,32.6859,-117.1831,US,15.8,81,75,3.6,2022-03-20 02:46:01
Sajanan,2467368,37.0573,9.2426,TN,11.51,94,100,10.23,2022-03-20 02:46:02
Castro,3466704,-24.7911,-50.0119,BR,17.28,95,99,3.36,2022-03-20 02:46:03
Bogorodskoye,575521,56.55,37.8833,RU,-2.3,96,74,3.47,2022-03-20 02:46:05
Saint Paul Harbor,5866583,57.79,-152.4072,US,2.73,75,100,5.14,2022-03-20 02:45:16
Meulaboh,1214488,4.1363,96.1285,ID,24.07,92,100,2.59,2022-03-20 02:46:07
Ürümqi,1529102,43.801,87.6005,CN,-0.47,86,0,2.0,2022-03-20 02:42:10
Port Hedland,2063042,-20.3167,118.5667,AU,36.03,38,49,2.57,2022-03-20 02:46:08
Buraidah,107304,26.326,43.975,SA,15.25,22,0,4.65,2022-03-20 02:44:27
Severo-Kuril'sk,2121385,50.6789,156.125,RU,0.22,98,100,13.37,2022-03-20 02:46:10
Morondava,1058381,-20.2833,44.2833,MG,24.74,87,100,3.29,2022-03-20 02:46:11
Honiara,2108502,-9.4333,159.95,SB,30.67,65,59,3.18,2022-03-20 02:46:11
Semnan,116402,35.5729,53.3971,IR,6.91,26,0,2.06,2022-03-20 02:46:13
Tuktoyaktuk,6170031,69.4541,-133.0374,CA,-26.0,76,75,3.09,2022-03-20 02:46:14
Lantawan,1715775,10.6167,123.9833,PH,29.83,71,100,3.39,2022-03-20 02:46:15
Valparaíso,3868626,-33.0393,-71.6273,CL,17.49,60,0,1.54,2022-03-20 02:46:16
Antofagasta,3899539,-23.65,-70.4,CL,17.6,81,49,1.39,2022-03-20 02:43:47
Saint-Philippe,935215,-21.3585,55.7679,RE,24.77,91,85,4.48,2022-03-20 02:46:18
Bilāri,1275646,28.6333,78.8,IN,27.54,28,1,1.02,2022-03-20 02:46:18
Dunedin,2191562,-45.8742,170.5036,NZ,16.14,70,59,5.85,2022-03-20 02:44:57
Bambous Virieux,1106677,-20.3428,57.7575,MU,24.56,94,40,1.54,2022-03-20 02:46:21
Gaoua,2577162,10.2992,-3.2508,BF,27.99,57,72,3.91,2022-03-20 02:46:22
Husavik,2629833,66.0449,-17.3389,IS,7.02,70,100,12.51,2022-03-20 02:46:23
Yangi Marg`ilon,1513491,40.4272,71.7189,UZ,3.4,81,100,1.03,2022-03-20 02:46:24
Shirgaon,1256486,19.7,72.7,IN,26.66,65,72,1.05,2022-03-20 02:46:25
Sexsmith,6144602,55.35,-118.786,CA,2.64,70,75,3.6,2022-03-20 02:46:25
Fort Nelson,5955902,58.8053,-122.7002,CA,3.77,41,75,1.54,2022-03-20 02:46:26
Mendi,2090990,-6.1761,143.6513,PG,21.23,67,94,2.31,2022-03-20 02:46:28
Shenkursk,494884,62.1091,42.896,RU,0.65,90,97,4.02,2022-03-20 02:46:29
Kuril'sk,2123979,45.2333,147.8833,RU,-1.21,96,100,14.57,2022-03-20 02:46:29
Hithadhoo,1282256,-0.6,73.0833,MV,28.43,74,100,7.26,2022-03-20 02:46:30
Shangqiu,1783934,34.45,115.65,CN,9.98,45,87,2.41,2022-03-20 02:46:31
Hīrna,334700,9.2167,41.1,ET,18.62,49,95,1.6,2022-03-20 02:46:32
Talnakh,1490256,69.4865,88.3972,RU,-7.66,94,100,4.7,2022-03-20 02:46:32
Nanortalik,3421765,60.1432,-45.2371,GL,-9.97,88,77,3.78,2022-03-20 02:46:34
Nagorsk,523583,59.3172,50.8078,RU,-1.78,88,100,4.41,2022-03-20 02:46:35
Nālūt,2214432,30.3333,10.85,LY,13.07,44,0,3.35,2022-03-20 02:46:37
Nyurba,2018735,63.2842,118.3319,RU,-8.41,91,100,4.61,2022-03-20 02:46:38
Bethel,5282297,41.3712,-73.414,US,14.38,92,75,2.06,2022-03-20 02:46:39
Richards Bay,962367,-28.783,32.0377,ZA,18.71,80,74,1.81,2022-03-20 02:46:40
Extremoz,3400567,-5.7056,-35.3072,BR,26.0,94,40,0.51,2022-03-20 02:46:40
Lagoa,3372964,39.05,-27.9833,PT,13.86,66,97,10.58,2022-03-20 02:46:41
Straža,3200385,45.78,15.0728,SI,1.37,83,29,0.76,2022-03-20 02:46:43
Cidreira,3466165,-30.1811,-50.2056,BR,18.69,83,25,2.86,2022-03-20 02:46:26
Ilo,3938415,-17.6394,-71.3375,PE,21.11,84,68,3.38,2022-03-20 02:46:45
Alofi,4036284,-19.0595,-169.9187,NU,29.94,66,89,4.12,2022-03-20 02:46:46
Angoche,1052944,-16.2325,39.9086,MZ,24.58,90,100,5.12,2022-03-20 02:46:46
Labuhan,8079926,-6.8844,112.2051,ID,28.17,74,100,1.99,2022-03-20 02:46:47
Kiama,2161515,-34.6833,150.8667,AU,24.71,62,0,3.11,2022-03-20 02:46:48
Westport,4845585,41.1415,-73.3579,US,15.08,95,75,1.54,2022-03-20 02:46:49
Magadan,2123628,59.5667,150.8,RU,-1.37,76,88,6.61,2022-03-20 02:46:50
Obo,236950,5.3998,26.4869,CF,23.87,28,85,0.81,2022-03-20 02:46:51
Soyo,2236967,-6.1349,12.3689,AO,25.06,87,54,2.79,2022-03-20 02:46:53
Rome,5134295,43.2128,-75.4557,US,12.08,91,100,3.6,2022-03-20 02:46:53
Mount Isa,2065594,-20.7333,139.5,AU,36.87,18,40,3.09,2022-03-20 02:46:55
Huarmey,3939168,-10.0681,-78.1522,PE,21.8,80,100,3.85,2022-03-20 02:46:55
Nemuro,2128975,43.3236,145.575,JP,-0.59,80,82,10.37,2022-03-20 02:46:56
Saint Andrews,4593724,34.0454,-81.1293,US,20.77,41,20,5.14,2022-03-20 02:46:57
Leningradskiy,2123814,69.3833,178.4167,RU,-18.19,82,21,0.26,2022-03-20 02:46:58
Liancheng,1804119,24.0519,105.075,CN,25.29,44,14,4.41,2022-03-20 02:46:59
Aswān,359792,24.0934,32.907,EG,14.61,24,0,3.6,2022-03-20 02:46:59
Kalakamati,933390,-20.5929,27.3121,BW,16.36,61,63,4.99,2022-03-20 02:47:00
Saskylakh,2017155,71.9167,114.0833,RU,-13.49,94,100,0.86,2022-03-20 02:47:01
Fes,2548885,34.0372,-4.9998,MA,11.14,87,0,2.06,2022-03-20 02:53:16
Butaritari,2110227,3.0707,172.7902,KI,26.98,82,35,7.87,2022-03-20 02:51:20
Aras,3129839,42.5617,-2.356,ES,8.24,87,40,4.12,2022-03-20 02:56:18
Palmer,4946620,42.1584,-72.3287,US,12.7,86,100,2.06,2022-03-20 02:53:25
Praia,3374333,14.9215,-23.5087,CV,20.3,68,40,7.72,2022-03-20 02:56:20
Camabatela,2242885,-8.1881,15.375,AO,16.48,96,100,0.9,2022-03-20 02:56:20
Berezovyy,2026786,51.6667,135.7,RU,-4.32,82,100,0.76,2022-03-20 02:56:23
Iaçu,3461638,-12.7672,-40.2117,BR,20.9,93,3,0.71,2022-03-20 02:56:25
Haysville,4272788,37.5645,-97.3523,US,14.41,41,0,2.57,2022-03-20 02:56:26
Salinas,5391295,36.6777,-121.6555,US,12.45,82,100,3.6,2022-03-20 02:53:14
Marawi,1701054,7.9986,124.2928,PH,26.36,68,99,2.46,2022-03-20 02:56:28
Jasper,4392354,37.2001,-94.3502,US,13.03,51,0,3.09,2022-03-20 02:52:16
College,5859699,64.8569,-147.8028,US,-5.0,61,100,2.57,2022-03-20 02:56:29
Shakawe,933077,-18.3667,21.85,BW,18.97,96,100,1.97,2022-03-20 02:56:30
Bafoulabé,2460755,13.8065,-10.8321,ML,29.88,17,31,1.2,2022-03-20 02:56:31
Bintulu,1737486,3.1667,113.0333,MY,27.23,88,20,1.54,2022-03-20 02:56:32
Pevek,2122090,69.7008,170.3133,RU,-17.52,77,12,6.35,2022-03-20 02:56:33
Itoman,1861280,26.1247,127.6694,JP,22.01,60,20,4.12,2022-03-20 02:56:34
Houma,4328010,29.5958,-90.7195,US,15.0,60,0,0.0,2022-03-20 02:52:21
Japura,1642773,-0.3167,102.35,ID,27.31,82,100,1.45,2022-03-20 02:54:05
Riyadh,108410,24.6877,46.7219,SA,16.08,16,0,3.79,2022-03-20 02:52:25
Vao,2137773,-22.6667,167.4833,NC,25.09,75,100,3.72,2022-03-20 02:56:40
Suntar,2015913,62.1444,117.6319,RU,-6.61,90,100,4.29,2022-03-20 02:56:41
Airai,1651810,-8.9266,125.4092,TL,24.6,52,60,0.4,2022-03-20 02:51:59
Grand-Santi,3381538,4.25,-54.3833,GF,22.49,100,100,0.67,2022-03-20 02:56:43
Pemangkat,1631637,1.1667,108.9667,ID,29.55,64,53,0.79,2022-03-20 02:52:52
Ucluelet,6171633,48.9329,-125.5528,CA,6.72,83,30,3.39,2022-03-20 02:53:20
South Kazakhstan Region,1524787,43.0,68.0,KZ,0.59,52,100,3.26,2022-03-20 02:56:45
Mayo,4362001,38.8876,-76.5119,US,19.06,76,100,0.0,2022-03-20 02:56:46
High Level,5975004,58.5169,-117.136,CA,4.06,56,20,2.06,2022-03-20 02:56:48
Saint George,5546220,37.1041,-113.5841,US,21.33,13,0,5.66,2022-03-20 02:53:20
Yar-Sale,1486321,66.8333,70.8333,RU,-8.34,90,42,5.87,2022-03-20 02:56:50
San Jose,5392171,37.3394,-121.895,US,12.51,85,75,4.12,2022-03-20 02:54:42
Española,5467024,35.9911,-106.0806,US,10.91,22,94,0.89,2022-03-20 02:56:51
Cap Malheureux,934649,-19.9842,57.6142,MU,25.26,89,28,1.37,2022-03-20 02:56:52
Kamaishi,2112444,39.2667,141.8833,JP,5.94,71,41,4.96,2022-03-20 02:56:53
Elizabeth City,4465088,36.2946,-76.2511,US,22.23,84,81,1.34,2022-03-20 02:56:54
Codrington,2171099,-38.2667,141.9667,AU,20.67,65,100,4.07,2022-03-20 02:56:55
Hindupur,1270079,13.8289,77.4933,IN,26.1,58,61,3.79,2022-03-20 02:54:42
Qalyub,350789,30.1792,31.2056,EG,10.6,61,100,5.17,2022-03-20 02:56:58
Broome,5110365,42.2506,-75.833,US,12.14,72,37,2.24,2022-03-20 02:57:00
Gebre Guracha,337152,9.8,38.4,ET,13.09,69,74,0.82,2022-03-20 02:57:01
Mattru,2409215,7.6244,-11.8332,SL,22.83,93,63,0.19,2022-03-20 02:57:02
Ahipara,2194098,-35.1667,173.1667,NZ,19.38,94,100,7.39,2022-03-20 02:52:49
Goundi,2431736,9.3627,17.366,TD,25.89,14,35,2.04,2022-03-20 02:57:03
Ilulissat,3423146,69.2167,-51.1,GL,-22.16,100,100,1.53,2022-03-20 02:57:04
Gimli,5961417,50.6336,-96.9907,CA,4.01,60,100,2.06,2022-03-20 02:57:05
Archidona,2521673,37.0965,-4.3887,ES,10.78,93,91,2.63,2022-03-20 02:57:06
Mount Gambier,2156643,-37.8333,140.7667,AU,20.95,60,100,5.14,2022-03-20 02:57:07
Los Llanos de Aridane,2514651,28.6585,-17.9182,ES,13.86,76,75,4.12,2022-03-20 02:57:07
Coyhaique,3894426,-45.5752,-72.0662,CL,12.34,76,100,0.51,2022-03-20 02:57:05
Cabo San Lucas,3985710,22.8909,-109.9124,MX,21.45,58,36,4.27,2022-03-20 02:56:09
Waipawa,2206874,-41.4122,175.5153,NZ,18.02,63,95,5.93,2022-03-20 02:57:10
Taltal,3870243,-25.4,-70.4833,CL,18.76,82,28,0.81,2022-03-20 02:57:11
Tudela,3107418,42.0617,-1.6045,ES,9.5,79,76,4.04,2022-03-20 02:55:10
Saldanha,3361934,-33.0117,17.9442,ZA,20.03,83,26,3.11,2022-03-20 02:56:50
Neryungri,2019309,56.6709,124.6491,RU,-13.43,75,41,1.33,2022-03-20 02:56:09
Mitú,3674676,1.1983,-70.1733,CO,22.49,98,100,0.4,2022-03-20 02:57:15
Ust-Nera,2120048,64.5667,143.2,RU,-12.64,84,99,1.47,2022-03-20 02:57:16
Kruisfontein,986717,-34.0033,24.7314,ZA,18.82,97,53,1.35,2022-03-20 02:57:18
Kangaatsiaq,3422683,68.3065,-53.4641,GL,-21.98,99,100,3.07,2022-03-20 02:57:19
Grand Gaube,934479,-20.0064,57.6608,MU,25.21,89,26,1.25,2022-03-20 02:57:20
Bariloche,7647007,-41.1456,-71.3082,AR,14.86,47,75,4.63,2022-03-20 02:57:21
Beringovskiy,2126710,63.05,179.3167,RU,-8.96,71,9,1.1,2022-03-20 02:52:50
Goderich,5962442,43.7501,-81.7165,CA,2.17,100,100,3.09,2022-03-20 02:57:23
Waingapu,1622318,-9.6567,120.2641,ID,27.61,80,92,1.72,2022-03-20 02:57:24
Dakar,2253354,14.6937,-17.4441,SN,18.07,94,7,3.09,2022-03-20 02:55:05
Tsumeb,3352593,-19.2333,17.7167,NA,17.05,91,5,5.79,2022-03-20 02:57:25
Kodinsk,1503037,58.6881,99.1844,RU,-4.66,93,100,5.24,2022-03-20 02:57:26
Katobu,1640972,-4.9408,122.5276,ID,29.91,69,100,1.41,2022-03-20 02:57:27
Zeya,2012593,53.75,127.2667,RU,-8.52,74,93,1.69,2022-03-20 02:56:19
Departamento de Maldonado,3441890,-34.6667,-54.9167,UY,15.66,76,39,0.6,2022-03-20 02:57:29
Coquimbo,3893629,-29.9533,-71.3436,CL,15.85,88,100,1.03,2022-03-20 02:57:30
Kaitangata,2208248,-46.2817,169.8464,NZ,17.01,67,62,5.18,2022-03-20 02:57:31
Liseleje,2617538,56.0053,11.9483,DK,1.7,87,0,1.34,2022-03-20 02:57:32
Half Moon Bay,5354943,37.4636,-122.4286,US,12.66,89,75,8.75,2022-03-20 02:57:33
Amga,2027786,60.8953,131.9608,RU,-9.93,80,100,1.61,2022-03-20 02:57:34
São Filipe,3374210,14.8961,-24.4956,CV,20.83,69,6,6.3,2022-03-20 02:57:35
Teguise,2510573,29.0605,-13.564,ES,15.12,67,0,3.09,2022-03-20 02:57:36
Cabedelo,3404558,-6.9811,-34.8339,BR,26.37,80,37,3.76,2022-03-20 02:56:14
Mataram,1635882,-8.5833,116.1167,ID,31.45,75,97,1.17,2022-03-20 02:49:10
Bud,4255151,39.447,-86.1758,US,6.01,94,100,4.64,2022-03-20 02:57:40
Gorontalo,1643837,0.5412,123.0595,ID,29.79,74,100,1.07,2022-03-20 02:55:31
Kosh-Agach,1502422,50.0,88.6667,RU,-14.19,91,99,0.79,2022-03-20 02:57:42
Pervomayskoye,797213,43.919,46.7102,RU,-2.64,66,90,2.63,2022-03-20 02:57:43
Boa Vista,3664980,2.8197,-60.6733,BR,26.99,69,40,5.14,2022-03-20 02:56:53
Humaitá,3664078,-7.5061,-63.0208,BR,23.45,98,92,1.09,2022-03-20 02:57:38
General Cepeda,4005870,25.3833,-101.45,MX,12.43,55,0,2.4,2022-03-20 02:57:45
Tingo María,3691348,-9.2895,-76.0088,PE,20.58,98,100,0.92,2022-03-20 02:57:38
Havelock,4470244,34.8791,-76.9013,US,20.55,92,95,3.58,2022-03-20 02:57:44
Bubaque,2374583,11.2833,-15.8333,GW,24.24,62,5,5.05,2022-03-20 02:57:47
Fort Saint James,5881688,54.4333,-124.25,CA,-2.6,85,83,1.54,2022-03-20 02:57:48
Roebourne,2062276,-20.7833,117.1333,AU,34.48,40,18,2.42,2022-03-20 02:53:33
Port Blair,1259385,11.6667,92.75,IN,26.02,89,75,1.54,2022-03-20 02:57:51
Philadelphia,4560349,39.9523,-75.1638,US,15.57,90,4,2.24,2022-03-20 02:55:05
Hidrolândia,3398457,-4.4081,-40.4378,BR,21.74,96,40,0.73,2022-03-20 02:57:53
Bonfim,3405215,3.0833,-59.95,BR,24.94,79,85,3.54,2022-03-20 02:57:53
Balestrand,3162116,61.2076,6.5334,NO,-0.01,91,35,1.83,2022-03-20 02:57:54
Lashio,1314759,22.9333,97.75,MM,29.44,24,97,0.88,2022-03-20 02:57:55
Tezu,1254709,27.9167,96.1667,IN,31.5,22,86,1.22,2022-03-20 02:57:56
Guánica,4565090,17.9716,-66.908,PR,25.51,77,0,3.64,2022-03-20 02:57:57
Bilma,2446796,18.6853,12.9164,NE,22.86,5,3,2.75,2022-03-20 02:57:58
Solnechnyy,2016307,50.7214,136.6319,RU,-4.41,81,96,2.24,2022-03-20 02:57:59
Tilichiki,2120591,60.4667,166.1,RU,-3.57,92,100,2.43,2022-03-20 02:58:00
Lexington,4297983,37.9887,-84.4777,US,6.18,85,100,5.14,2022-03-20 02:58:01
Monte Santo,3456820,-10.4378,-39.3328,BR,20.79,86,36,2.48,2022-03-20 02:58:02
Dogondoutchi,2445553,13.6393,4.0287,NE,26.54,13,92,2.94,2022-03-20 02:58:03
Yaan,2338660,7.3833,8.5667,NG,26.64,70,66,3.66,2022-03-20 02:58:05
Muisne,3653967,0.6,-80.0333,EC,25.16,86,100,2.09,2022-03-20 02:58:05
Juba,373303,4.8517,31.5825,SS,29.11,36,97,0.93,2022-03-20 02:58:06
Port Macquarie,2152659,-31.4333,152.9167,AU,26.05,57,39,6.16,2022-03-20 02:54:44
Hualmay,3939761,-11.0964,-77.6139,PE,21.2,81,100,3.7,2022-03-20 02:58:09
Bilibino,2126682,68.0546,166.4372,RU,-13.22,77,51,1.3,2022-03-20 02:58:09
Doha,290030,25.2867,51.5333,QA,16.94,63,0,3.09,2022-03-20 02:58:11
Port Moresby,2088122,-9.4431,147.1797,PG,32.68,62,20,5.14,2022-03-20 02:57:10
Hirara,1862505,24.8,125.2833,JP,23.15,64,20,6.17,2022-03-20 02:58:13
Inhambane,1045114,-23.865,35.3833,MZ,23.25,61,98,3.75,2022-03-20 02:58:14
Zhangjiakou,2033196,40.81,114.8794,CN,-0.75,66,4,3.06,2022-03-20 02:57:08
Tuatapere,2180815,-46.1333,167.6833,NZ,19.15,55,44,2.68,2022-03-20 02:58:15
Udachny,2014624,66.4167,112.4,RU,-11.97,84,100,5.22,2022-03-20 02:54:46
Saurimo,145531,-9.6608,20.3916,AO,17.15,98,34,1.67,2022-03-20 02:56:14
Zhigansk,2012530,66.7697,123.3711,RU,-14.18,91,100,12.4,2022-03-20 02:58:18
Traverse City,5012495,44.7631,-85.6206,US,2.11,99,100,0.89,2022-03-20 02:58:18
Amurzet,2027740,47.6967,131.0981,RU,-3.22,65,100,3.42,2022-03-20 02:58:19
Beipiao,2038342,41.7919,120.7792,CN,4.32,26,22,3.67,2022-03-20 02:57:12
Comodoro Rivadavia,3860443,-45.8667,-67.5,AR,10.92,50,0,5.66,2022-03-20 02:55:52
Dūngarpur,1272201,23.8333,73.7167,IN,29.67,16,3,3.02,2022-03-20 02:54:42
Bandarbeyla,64814,9.4942,50.8122,SO,24.34,74,4,3.48,2022-03-20 02:58:23
Hambantota,1244926,6.1241,81.1185,LK,26.19,100,20,2.06,2022-03-20 02:58:24
Iglesias,2524533,39.3114,8.535,IT,11.68,91,100,3.08,2022-03-20 02:58:26
Sorong,1626542,-0.8833,131.25,ID,29.2,71,99,3.5,2022-03-20 02:58:27
Winkler,6183204,49.1817,-97.941,CA,3.43,75,66,2.57,2022-03-20 02:58:28
Lixouri,258175,38.2019,20.4314,GR,5.59,61,17,8.08,2022-03-20 02:58:29
Deputatsky,2028164,69.3,139.9,RU,-15.76,83,78,0.86,2022-03-20 02:58:29
Châteaudun,3026285,48.0833,1.3333,FR,5.53,69,4,3.72,2022-03-20 02:55:56
Barcelos,2742416,41.5388,-8.6151,PT,14.95,64,100,1.77,2022-03-20 02:55:29
Cap-aux-Meules,5915327,47.3821,-61.8597,CA,-1.97,80,100,5.66,2022-03-20 02:58:34
Caravelas,3466980,-17.7125,-39.2481,BR,23.11,91,0,1.55,2022-03-20 02:58:34
Saint-Joseph,6690296,-21.3667,55.6167,RE,24.21,91,86,4.49,2022-03-20 02:58:35
Ponta do Sol,2264557,32.6667,-17.1,PT,15.59,76,49,6.62,2022-03-20 02:58:36
Noril'sk,1497337,69.3535,88.2027,RU,-7.54,94,100,3.95,2022-03-20 02:56:16
Vestmannaeyjar,3412093,63.4427,-20.2734,IS,7.91,94,100,16.42,2022-03-20 02:58:38
Laguna,5364271,38.421,-121.4238,US,15.07,76,100,3.6,2022-03-20 02:58:39
Lompoc,5367788,34.6391,-120.4579,US,13.9,88,75,4.47,2022-03-20 02:58:39
Nochistlán de Mejía,3994912,21.3667,-102.85,MX,18.27,11,35,0.54,2022-03-20 02:58:40
Kloulklubed,7671223,7.0419,134.2556,PW,28.95,78,75,7.11,2022-03-20 02:58:41
Rosarito,3988392,32.3333,-117.0333,MX,15.78,78,100,3.4,2022-03-20 02:58:42
Ust'-Karsk,2013942,52.7011,118.8077,RU,-7.38,75,83,0.78,2022-03-20 02:58:43
Kieta,2094027,-6.2167,155.6333,PG,30.03,63,96,1.84,2022-03-20 02:58:44
Verāval,1253237,20.9,70.3667,IN,25.6,70,3,6.01,2022-03-20 02:58:45
Ures,3980782,29.4333,-110.4,MX,20.47,12,4,2.6,2022-03-20 02:58:45
Kuching,1735634,1.55,110.3333,MY,29.12,74,40,2.06,2022-03-20 02:56:03
São José da Coroa Grande,3388456,-8.8978,-35.1478,BR,25.63,82,6,2.45,2022-03-20 02:58:47
Arraial do Cabo,3471451,-22.9661,-42.0278,BR,24.88,88,25,8.41,2022-03-20 02:58:48
Gijang,1842966,35.2442,129.2139,KR,9.85,61,97,2.27,2022-03-20 02:57:48
Yerbogachën,2012956,61.2767,108.0108,RU,-7.05,91,100,5.88,2022-03-20 02:58:50
Lufilufi,4035249,-13.8745,-171.5986,WS,32.88,68,71,8.16,2022-03-20 02:58:52
San Isidro,3929631,-12.1167,-77.05,PE,19.17,23,20,3.09,2022-03-20 02:58:53
Llaillay,3883035,-32.85,-70.9667,CL,22.36,41,68,0.87,2022-03-20 02:58:53
La Ronge,6050066,55.1001,-105.2842,CA,2.14,60,20,1.03,2022-03-20 02:58:54
Cairo,360630,30.0626,31.2497,EG,10.58,61,0,6.69,2022-03-20 02:54:57
Padang,1633419,-0.9492,100.3543,ID,27.03,67,100,1.29,2022-03-20 02:54:22
Port Lincoln,2063036,-34.7333,135.8667,AU,21.9,63,85,4.27,2022-03-20 02:58:58
Muroto-misakicho,1856392,33.2833,134.15,JP,11.53,54,21,3.09,2022-03-20 02:57:03
Brodokalmak,1508802,55.5748,62.082,RU,-5.5,90,100,4.98,2022-03-20 02:58:59
Parfen'yevo,512576,58.484,43.4088,RU,-2.28,87,100,4.69,2022-03-20 02:59:00
Desbiens,7535694,48.4178,-71.9495,CA,-1.02,94,100,6.2,2022-03-20 02:59:01
Petropavlovsk-Kamchatskiy,2122104,53.0452,158.6483,RU,1.33,93,75,3.0,2022-03-20 02:55:52
Naroda,1261768,23.0833,72.6667,IN,24.98,78,2,3.09,2022-03-20 02:59:03
Kiryat Gat,293842,31.61,34.7642,IL,9.34,100,100,2.64,2022-03-20 02:59:04
Monrovia,2274895,6.3005,-10.7969,LR,25.25,85,100,0.37,2022-03-20 02:59:05
Tabas,113659,33.5959,56.9244,IR,12.85,26,1,0.38,2022-03-20 02:58:32
Vytegra,469960,61.0064,36.4481,RU,-1.13,93,54,4.35,2022-03-20 02:59:06
Oranjemund,3354071,-28.55,16.4333,NA,22.16,67,0,0.72,2022-03-20 02:59:07
Beloha,1067565,-25.1667,45.05,MG,17.89,74,11,3.41,2022-03-20 02:59:08
Okoneshnikovo,1496329,54.8377,75.0834,RU,-14.33,85,98,5.22,2022-03-20 02:56:50
Red Bluff,5570065,40.1785,-122.2358,US,11.4,85,54,1.71,2022-03-20 02:59:10
Cayenne,3382160,4.9333,-52.3333,GF,25.05,1,100,1.54,2022-03-20 02:59:10
Mananjary,1061335,-21.2167,48.3333,MG,22.94,82,100,3.37,2022-03-20 02:59:11
Muzaffarabad,1169607,34.37,73.4711,PK,21.7,46,52,1.26,2022-03-20 02:58:04
Koumra,2429605,8.9126,17.5539,TD,26.97,13,50,3.39,2022-03-20 02:56:51
Samarai,2132606,-10.6167,150.6667,PG,31.01,66,82,5.63,2022-03-20 02:59:14
Bambanglipuro,1650434,-7.95,110.2833,ID,28.83,73,91,3.38,2022-03-20 02:59:15
Stykkisholmur,3412888,65.0757,-22.7297,IS,-0.01,99,100,5.42,2022-03-20 02:59:15
Krasnosel'kup,1502073,65.7,82.4667,RU,-2.77,97,100,6.17,2022-03-20 02:59:16
Luwuk,1637001,-0.9516,122.7875,ID,29.75,72,100,1.09,2022-03-20 02:57:31
Dicabisagan,1715015,17.0818,122.4157,PH,29.47,70,46,1.99,2022-03-20 02:59:18
Provideniya,4031574,64.3833,-173.3,RU,-11.93,75,0,1.27,2022-03-20 02:59:19
Puerto Quijarro,3444201,-17.7833,-57.7667,BO,23.54,89,96,3.27,2022-03-20 02:59:20
Wajir,178443,1.7471,40.0573,KE,24.55,61,7,6.0,2022-03-20 02:59:21
Tegul'det,1489822,57.3064,88.1667,RU,-7.13,91,100,5.68,2022-03-20 02:59:21
Baruun-Urt,2032614,46.6806,113.2792,MN,-6.43,43,21,4.21,2022-03-20 02:59:22
Hamilton,4513583,39.1834,-84.5333,US,5.89,91,100,1.34,2022-03-20 02:59:23
Hof,2902768,50.3167,11.9167,DE,2.57,61,0,6.26,2022-03-20 02:55:42
Mehamn,778707,71.0357,27.8492,NO,1.25,68,100,13.36,2022-03-20 02:59:25
Santa Maria,3450083,-29.6842,-53.8069,BR,16.61,72,0,3.6,2022-03-20 02:59:26
Hasaki,2112802,35.7333,140.8333,JP,14.22,53,99,2.2,2022-03-20 02:59:01
Ekibastuz,1524325,51.6667,75.3667,KZ,-14.38,94,88,2.59,2022-03-20 02:57:47
Sungai Penuh,1625929,-2.0833,101.3833,ID,24.05,61,95,1.39,2022-03-20 02:58:00
Carauari,3664659,-4.8828,-66.8958,BR,22.34,99,100,1.22,2022-03-20 02:59:29
Brae,2654970,60.3964,-1.353,GB,7.15,68,77,11.96,2022-03-20 02:59:30
Mahabalipuram,1263997,12.6264,80.1722,IN,29.03,74,86,5.4,2022-03-20 02:59:32
Dajal,1180752,29.5577,70.3762,PK,27.64,31,0,2.71,2022-03-20 02:59:33
Soe,1626703,-9.8607,124.284,ID,27.56,54,98,1.29,2022-03-20 02:59:34
Barentu,342711,15.1139,37.5928,ER,22.27,47,60,1.09,2022-03-20 02:59:35
Sambava,1056899,-14.2667,50.1667,MG,24.59,90,100,2.67,2022-03-20 02:59:36
Hong Kong,1819729,22.2855,114.1577,HK,22.76,90,97,9.39,2022-03-20 02:58:25
Grand-Bourg,3579250,15.8835,-61.3148,GP,25.11,77,4,10.26,2022-03-20 02:59:37
Tabou,2281120,4.423,-7.3528,CI,25.49,91,71,2.59,2022-03-20 02:59:00
Evanston,4891382,42.0411,-87.6901,US,5.06,92,100,0.45,2022-03-20 02:59:39
Ciudad Bolivar,3645532,8.1222,-63.5497,VE,25.25,76,74,6.27,2022-03-20 02:59:40
Calamar,3687972,10.2511,-74.9146,CO,27.17,71,84,1.98,2022-03-20 02:59:41
Tsiroanomandidy,1054463,-18.7667,46.0333,MG,19.61,98,100,1.65,2022-03-20 02:59:42
Forsytheganj,10722858,52.6333,29.7333,BY,-2.12,90,29,2.39,2022-03-20 02:59:43
Pimentel,3693584,-6.8367,-79.9342,PE,21.96,80,100,5.42,2022-03-20 02:59:46
Rāwah,92004,34.4816,41.9093,IQ,5.48,71,36,5.45,2022-03-20 02:59:47
Salalah,286621,17.0151,54.0924,OM,23.12,21,2,4.31,2022-03-20 02:56:46
Bathsheba,3374083,13.2167,-59.5167,BB,25.34,78,40,9.26,2022-03-20 02:59:49
Puerto del Rosario,2512186,28.5004,-13.8627,ES,15.86,72,0,4.12,2022-03-20 02:59:51
Pargas,642673,60.3067,22.301,FI,2.3,93,6,2.22,2022-03-20 02:59:52
Dargaville,2191911,-35.9333,173.8833,NZ,17.98,92,100,7.18,2022-03-20 02:59:52
Poum,2138555,-20.2333,164.0167,NC,26.17,83,100,6.54,2022-03-20 02:59:53
Mponela,926087,-13.5319,33.7401,MW,16.5,99,100,2.4,2022-03-20 02:59:54
Miandrivazo,1059051,-19.5167,45.4667,MG,24.89,89,100,1.18,2022-03-20 02:59:55
Balkhash,1525798,46.844,74.9804,KZ,-6.66,86,20,2.0,2022-03-20 02:59:56
Sabzawār,118063,36.2126,57.6819,IR,0.6,75,0,8.23,2022-03-20 02:55:26
Luchegorsk,2020689,46.4764,134.2569,RU,-3.39,76,100,1.32,2022-03-20 02:57:40
Jalu,86049,29.0331,21.5482,LY,11.11,53,56,10.14,2022-03-20 03:00:01
Beckley,4798308,37.7782,-81.1882,US,8.1,71,100,1.34,2022-03-20 03:00:01
Lima,3936456,-12.0432,-77.0282,PE,18.55,23,97,2.86,2022-03-20 03:00:02
Yoichi,2129218,43.2039,140.7703,JP,1.72,73,100,6.69,2022-03-20 02:57:10
Nicoya,3622716,10.1483,-85.452,CR,26.04,69,99,4.02,2022-03-20 02:57:34
Nishihara,1855342,26.1842,127.7558,JP,21.6,73,75,4.12,2022-03-20 03:00:06
Dalby,2169535,-27.1833,151.2667,AU,27.91,39,4,4.16,2022-03-20 02:59:02
Yakeshi,2033536,49.2833,120.7333,CN,-10.19,78,99,1.35,2022-03-20 02:57:14
Vernon,6173864,50.2581,-119.2691,CA,5.63,58,100,1.82,2022-03-20 03:00:09
Natal,3394023,-5.795,-35.2094,BR,24.36,100,20,1.54,2022-03-20 03:00:10
Alice Springs,2077895,-23.7,133.8833,AU,33.75,20,0,6.17,2022-03-20 02:56:35
Fairbanks,5861897,64.8378,-147.7164,US,-4.99,62,100,2.57,2022-03-20 02:56:34
Biak,1637001,-0.9131,122.8766,ID,28.4,70,100,0.53,2022-03-20 03:00:13
Amalāpuram,1278935,16.5833,82.0167,IN,29.23,60,41,1.74,2022-03-20 03:00:14
Olafsvik,3414079,64.8945,-23.7142,IS,0.51,95,100,3.9,2022-03-20 03:00:14
Mahébourg,934322,-20.4081,57.7,MU,25.14,84,41,1.58,2022-03-20 03:00:15
Porangatu,3453014,-13.4408,-49.1486,BR,22.8,80,43,1.26,2022-03-20 03:00:16
Mandalgovi,2030065,45.7625,106.2708,MN,-7.78,35,6,2.57,2022-03-20 02:59:06
Srīvardhan,1255619,18.0333,73.0167,IN,26.27,73,92,0.86,2022-03-20 03:00:18
Mabaruma,3377301,8.2,-59.7833,GY,22.61,97,87,1.55,2022-03-20 03:00:19
Maksatikha,531979,57.797,35.8825,RU,-1.15,92,13,3.82,2022-03-20 03:00:20
Suna,486236,57.8338,50.0588,RU,-1.37,94,100,5.14,2022-03-20 03:00:21
Morón,3430545,-34.6534,-58.6198,AR,16.66,72,77,1.2,2022-03-20 03:00:22
Sawtell,2150163,-30.3833,153.1,AU,26.21,50,40,6.69,2022-03-20 03:00:23
Chico,5336269,39.7285,-121.8375,US,12.75,71,98,1.37,2022-03-20 02:57:48
Umm Kaddadah,364933,13.6017,26.6876,SD,18.18,10,51,6.04,2022-03-20 03:00:25
Severodvinsk,496285,64.5635,39.8302,RU,3.06,93,99,5.98,2022-03-20 02:55:48
Moog,1699246,8.6011,124.4658,PH,28.51,78,95,2.03,2022-03-20 03:00:28
Amapá,3407762,1.0,-52.0,BR,21.59,99,75,0.65,2022-03-20 03:00:28
Aquin,3731095,18.2833,-73.4,HT,24.42,75,8,0.68,2022-03-20 03:00:30
Lundamo,3146831,63.1333,10.3,NO,0.55,77,85,2.3,2022-03-20 03:00:31
Chokurdakh,2126123,70.6333,147.9167,RU,-18.15,89,100,2.87,2022-03-20 03:00:31
Illapel,3887344,-31.6308,-71.1653,CL,21.49,48,13,0.81,2022-03-20 03:00:33
Jutaí,3663693,-5.1833,-68.9,BR,22.78,99,100,0.61,2022-03-20 03:00:34
Custoias,2740174,41.1053,-7.321,PT,9.88,65,100,0.88,2022-03-20 03:00:35
Chicama,3698359,-7.8447,-79.1469,PE,22.31,74,100,2.54,2022-03-20 03:00:36
Margate,2643044,51.3813,1.3862,GB,7.61,68,0,2.24,2022-03-20 03:00:37
Tahlequah,4552707,35.9154,-94.97,US,12.25,61,0,0.0,2022-03-20 03:00:37
Lorengau,2092164,-2.0226,147.2712,PG,30.4,62,65,4.16,2022-03-20 03:00:38
Anadyr,2127202,64.75,177.4833,RU,-18.24,92,55,1.45,2022-03-20 03:00:39
Belmonte,3470137,-15.8631,-38.8828,BR,24.36,84,1,1.04,2022-03-20 03:00:40
Nouadhibou,2377457,20.931,-17.0347,MR,16.99,77,0,8.75,2022-03-20 02:59:05
Quatre Cocos,1106643,-20.2078,57.7625,MU,25.05,84,34,0.87,2022-03-20 03:00:42
Saint-Estève,6441022,42.7131,2.843,FR,8.99,94,75,1.03,2022-03-20 03:00:43
Khasan,2039557,42.4308,130.6434,RU,1.5,46,99,2.17,2022-03-20 03:00:44
Akhtubinsk,583798,48.2795,46.1722,RU,-5.19,84,18,2.46,2022-03-20 03:00:45
Ponta Delgada,3372783,37.7333,-25.6667,PT,12.5,71,40,1.03,2022-03-20 03:00:46
Hervey Bay,2146219,-25.2986,152.8535,AU,25.68,59,27,8.75,2022-03-20 03:00:48
Luhyny,702679,51.082,28.4006,UA,-2.53,75,0,2.1,2022-03-20 03:00:49
Mareeba,2158767,-17.0,145.4333,AU,28.6,70,95,1.91,2022-03-20 03:00:04
Merano,3173577,46.6682,11.1595,IT,5.18,91,72,0.47,2022-03-20 03:00:53
Duluth,5024719,46.7833,-92.1066,US,4.71,61,75,4.12,2022-03-20 03:00:53
Ketchikan,5554428,55.3422,-131.6461,US,1.99,89,100,2.15,2022-03-20 03:00:54
Malinovskiy,1539045,61.1953,62.8397,RU,-4.54,91,74,3.52,2022-03-20 02:57:48
Saint-Pierre,935214,-21.3393,55.4781,RE,24.82,95,75,4.63,2022-03-20 03:00:04
Bairiki Village,7601762,1.3292,172.9752,KI,27.23,78,26,9.01,2022-03-20 03:00:57
Lewistown,5197850,40.5992,-77.5714,US,12.92,66,0,4.12,2022-03-20 03:00:58
Indianola,4861719,41.3581,-93.5574,US,9.97,56,11,3.85,2022-03-20 03:00:59
Kuala Kedah,1736305,6.1,100.3,MY,27.99,89,20,1.03,2022-03-20 02:57:35
Avera,4231997,33.194,-82.5271,US,15.73,63,96,5.9,2022-03-20 03:01:01
Longyearbyen,2729907,78.2186,15.6401,SJ,-7.09,68,20,8.75,2022-03-20 03:01:02
Ilebo,215976,-4.3167,20.5833,CD,20.83,97,69,0.56,2022-03-20 02:58:16
Ōhara,2111495,35.25,140.3833,JP,10.93,49,88,4.22,2022-03-20 03:01:04
Oktyabr'skoye,515805,43.0645,44.7417,RU,-4.92,92,100,4.0,2022-03-20 03:01:05
Siyabuswa,955313,-25.1132,29.0445,ZA,16.71,64,67,2.18,2022-03-20 03:01:06
Merauke,2082539,-8.4667,140.3333,ID,30.78,65,95,1.2,2022-03-20 03:01:07
Santa Marta,3668605,11.2408,-74.199,CO,28.83,66,85,10.73,2022-03-20 03:01:08
Muli,1337617,2.9167,73.5667,MV,28.04,76,70,7.84,2022-03-20 03:01:09
Lábrea,3663684,-7.2586,-64.7981,BR,23.29,99,100,0.49,2022-03-20 02:56:47
Beira,1052373,-19.8436,34.8389,MZ,21.49,88,100,4.56,2022-03-20 03:01:11
Bathurst,2176632,-33.4166,149.5806,AU,25.54,50,0,1.79,2022-03-20 03:00:06
Kavieng,2094342,-2.5744,150.7967,PG,29.88,67,31,4.65,2022-03-20 03:01:13
Khovd,1516048,48.0056,91.6419,MN,-5.77,51,98,1.19,2022-03-20 02:57:48
Atar,2381334,20.5169,-13.0499,MR,20.27,27,3,3.0,2022-03-20 03:01:16
Srednekolymsk,2121025,67.45,153.6833,RU,-14.76,84,90,5.46,2022-03-20 03:01:16
Great Yarmouth,2647984,52.6083,1.7305,GB,6.68,80,0,7.55,2022-03-20 03:01:17
Mīnāb,123941,27.1467,57.0801,IR,20.48,65,0,1.2,2022-03-20 03:01:19
Altar,4018700,30.7,-111.8167,MX,19.82,12,1,1.69,2022-03-20 03:01:21
Balassagyarmat,3055601,48.073,19.2961,HU,2.47,60,0,2.36,2022-03-20 03:01:21
Marataizes,3457819,-21.0433,-40.8244,BR,24.18,88,12,5.14,2022-03-20 03:01:24
Okhotsk,2122605,59.3833,143.3,RU,-4.63,84,100,4.24,2022-03-20 03:01:25
Iqaluit,5983720,63.7506,-68.5145,CA,-27.95,68,20,1.03,2022-03-20 02:58:06
Longuenesse,2997670,50.734,2.2352,FR,4.71,75,0,3.1,2022-03-20 03:01:27
Port Augusta,2063056,-32.5,137.7667,AU,32.44,34,100,1.51,2022-03-20 02:57:34
Gorin,2023943,51.1983,136.6669,RU,-4.85,82,100,2.38,2022-03-20 03:01:29
Rawson,3839307,-43.3002,-65.1023,AR,11.7,59,86,9.17,2022-03-20 02:56:35
Makakilo City,5850554,21.3469,-158.0858,US,26.98,58,14,3.31,2022-03-20 03:01:30
São Félix do Xingu,3388847,-6.6447,-51.995,BR,22.05,99,97,0.62,2022-03-20 03:01:31
Sanguem,1257399,15.2333,74.1667,IN,27.96,71,90,0.38,2022-03-20 03:01:32
Santa Isabel Rio Negro,3662489,-0.4139,-65.0192,BR,23.3,99,100,1.0,2022-03-20 03:01:32
Ozinki,513329,51.1786,49.6769,RU,-7.05,96,100,1.8,2022-03-20 03:01:33
Lata,2738381,40.1629,-8.3327,PT,14.95,59,100,4.47,2022-03-20 03:01:34
Bibiani,2303060,6.4635,-2.3194,GH,22.16,98,100,0.81,2022-03-20 02:58:05
Finschhafen,2097418,-6.6024,147.8681,PG,29.06,74,98,1.75,2022-03-20 03:01:36
Isangel,2136825,-19.55,169.2667,VU,25.07,89,100,3.01,2022-03-20 03:01:39
Dzilam González,3529654,21.2833,-88.9333,MX,25.47,78,67,1.85,2022-03-20 03:01:40
Singaraja,1626932,-8.112,115.0882,ID,28.46,78,96,1.25,2022-03-20 03:01:41
Brumado,3468893,-14.2036,-41.6653,BR,22.58,71,73,2.13,2022-03-20 02:57:44
El Salvador,3585968,13.8333,-88.9167,SV,22.25,78,84,0.36,2022-03-20 03:01:43
Derzhavīnsk,1524606,51.1,66.3167,KZ,-21.17,100,82,1.23,2022-03-20 03:01:43
Danjiangkou,1813828,32.5428,111.5086,CN,1.43,100,100,1.04,2022-03-20 02:57:12
Tashtagol,1490042,52.7657,87.8894,RU,-8.54,89,99,0.98,2022-03-20 02:56:50
Stephenville,4734350,32.2207,-98.2023,US,17.31,23,0,1.54,2022-03-20 03:01:46
Yeppoon,2142316,-23.1333,150.7333,AU,28.88,61,68,5.88,2022-03-20 03:01:47
Pokosnoye,2017842,55.5258,101.0536,RU,-6.01,85,100,6.41,2022-03-20 03:01:48
Madang,2091996,-5.2246,145.7966,PG,30.26,66,95,3.62,2022-03-20 03:01:49
Skole,693658,49.0372,23.5135,UA,-4.13,72,1,0.64,2022-03-20 03:01:49
Khilok,2022463,51.3674,110.4676,RU,-8.75,72,97,4.87,2022-03-20 03:01:50
Shache,1280037,38.4167,77.2406,CN,14.28,35,91,3.71,2022-03-20 03:01:51
Nome,5870133,64.5011,-165.4064,US,-18.01,92,4,1.85,2022-03-20 03:01:52
San Andrés,3670218,12.5847,-81.7006,CO,28.01,69,40,4.63,2022-03-20 02:57:15
Moranbah,6533368,-22.0016,148.0466,AU,30.48,28,21,7.0,2022-03-20 03:01:04
Baykit,1510689,61.67,96.37,RU,-3.0,90,100,4.8,2022-03-20 02:57:47
Port Said,358619,31.2565,32.2841,EG,10.99,66,40,7.2,2022-03-20 02:57:24
Mangaratiba,3457991,-22.9597,-44.0406,BR,25.48,90,100,2.33,2022-03-20 02:57:37
Puerto Suárez,3444199,-18.95,-57.8,BO,22.85,97,99,2.16,2022-03-20 03:01:58
Padre Bernardo,3455580,-15.35,-48.5,BR,20.86,67,68,0.86,2022-03-20 03:01:59
Constantine,2501152,36.365,6.6147,DZ,8.67,87,75,4.12,2022-03-20 03:01:59
São Miguel do Araguaia,3448455,-13.275,-50.1628,BR,23.03,76,10,0.14,2022-03-20 03:02:01
Sørland,3137469,67.667,12.6934,NO,6.58,89,99,15.83,2022-03-20 03:02:02
Maragogi,3395458,-9.0122,-35.2225,BR,25.46,82,7,2.17,2022-03-20 03:02:02
Lucea,3489657,18.451,-78.1736,JM,25.24,78,66,2.07,2022-03-20 03:02:03
Muş Province,304041,39.0,41.75,TR,-14.03,97,73,0.94,2022-03-20 03:02:04
Beauchamps,3034366,50.012,1.5176,FR,2.4,74,4,3.77,2022-03-20 03:02:05
Aykhal,2027296,66.0,111.5,RU,-11.02,92,100,4.87,2022-03-20 03:02:07
Te Anau,2181625,-45.4167,167.7167,NZ,19.64,51,60,1.29,2022-03-20 03:01:11
Cartagena,3687238,10.3997,-75.5144,CO,26.24,82,50,8.17,2022-03-20 03:02:10
Río Gallegos,3838859,-51.6226,-69.2181,AR,10.99,54,92,12.9,2022-03-20 03:02:11
Chivilcoy,3861344,-34.8957,-60.0167,AR,13.9,10,74,0.89,2022-03-20 02:57:22
Xining,1788852,36.6167,101.7667,CN,4.77,46,91,1.34,2022-03-20 03:02:13
Talara,3691582,-4.5772,-81.2719,PE,24.28,76,100,6.02,2022-03-20 03:02:14
Aripuanã,3665202,-9.1667,-60.6333,BR,22.55,98,52,0.37,2022-03-20 03:02:15
Saint-Augustin,6137462,51.226,-58.6502,CA,-14.04,94,94,1.83,2022-03-20 03:02:16
Qaqortoq,3420846,60.7167,-46.0333,GL,-15.71,91,38,1.69,2022-03-20 03:02:17
Wanning,1791779,18.8003,110.3967,CN,28.02,74,94,4.36,2022-03-20 03:02:18
Pochutla,3517970,15.7432,-96.4661,MX,26.57,66,6,1.81,2022-03-20 03:02:19
Hokitika,2206894,-42.7167,170.9667,NZ,20.58,56,100,2.25,2022-03-20 03:02:20
Mana,3381041,5.6592,-53.7767,GF,24.51,90,100,4.91,2022-03-20 03:02:20
Jieshi,1805857,22.8134,115.8257,CN,22.19,81,100,7.91,2022-03-20 03:02:21
Kyren,2021031,51.6828,102.1408,RU,-7.78,82,99,0.18,2022-03-20 03:02:22
Santa Rosa,1687894,14.3122,121.1114,PH,32.99,61,100,4.74,2022-03-20 02:55:05
Kasiri,2406145,8.9412,-13.1148,SL,24.56,73,86,2.1,2022-03-20 03:02:24
Laela,156098,-8.5667,32.05,TZ,15.89,97,100,1.47,2022-03-20 02:59:13
Ilhéus,3461408,-14.7889,-39.0494,BR,22.83,90,18,1.02,2022-03-20 02:57:44
Leh,1264976,34.1667,77.5833,IN,-4.82,79,29,1.12,2022-03-20 03:02:27
Miramar,4164601,25.9873,-80.2323,US,26.01,86,0,3.6,2022-03-20 03:02:27
Ambāgarh Chauki,1278869,20.7833,80.7167,IN,31.57,21,74,3.21,2022-03-20 03:02:29
Chui,3443061,-33.6971,-53.4616,UY,12.42,70,22,2.72,2022-03-20 03:02:30
Okha,2122614,53.5739,142.9478,RU,-6.49,89,100,8.04,2022-03-20 03:02:31
Teya,1489656,60.3778,92.6267,RU,-3.54,87,100,5.97,2022-03-20 03:02:32
Vilyuysk,2013392,63.7553,121.6247,RU,-10.72,90,100,5.24,2022-03-20 03:02:33
Vigrestad,3131824,58.5667,5.7,NO,4.98,71,2,4.31,2022-03-20 03:02:34
Faya,110690,18.3851,42.4509,SA,13.94,68,1,1.7,2022-03-20 03:02:35
